CustomerID,Recency,Frequency,Monetary,Cluster,Segment
12346,326,1,77184,2,Potential Loyalists
12347,2,7,4310,1,VIP / Champions
12348,75,4,1797,2,Potential Loyalists
12349,19,1,1758,0,Recent / New Customers
12350,310,1,334,3,At Risk / Hibernating
12352,36,8,2506,2,Potential Loyalists
12353,204,1,89,3,At Risk / Hibernating
12354,232,1,1079,3,At Risk / Hibernating
12355,214,1,459,3,At Risk / Hibernating
12356,23,3,2811,2,Potential Loyalists
12357,33,1,6208,2,Potential Loyalists
12358,2,2,1168,0,Recent / New Customers
12359,58,4,6373,2,Potential Loyalists
12360,52,3,2662,2,Potential Loyalists
12361,287,1,190,3,At Risk / Hibernating
12362,3,10,5226,1,VIP / Champions
12363,110,2,552,3,At Risk / Hibernating
12364,8,4,1313,0,Recent / New Customers
12365,291,2,641,3,At Risk / Hibernating
12367,4,1,169,0,Recent / New Customers
12370,51,4,3546,2,Potential Loyalists
12371,45,2,1888,2,Potential Loyalists
12372,72,3,1298,2,Potential Loyalists
12373,311,1,365,3,At Risk / Hibernating
12374,25,1,743,0,Recent / New Customers
12375,11,2,458,0,Recent / New Customers
12377,315,2,1628,2,Potential Loyalists
12378,130,1,4009,2,Potential Loyalists
12379,82,2,852,2,Potential Loyalists
12380,22,4,2725,2,Potential Loyalists
12381,5,5,1845,1,VIP / Champions
12383,185,5,1851,2,Potential Loyalists
12384,29,2,585,0,Recent / New Customers
12386,338,2,402,3,At Risk / Hibernating
12388,16,6,2781,1,VIP / Champions
12390,80,1,550,3,At Risk / Hibernating
12391,22,1,461,0,Recent / New Customers
12393,72,4,1583,2,Potential Loyalists
12394,64,2,1272,2,Potential Loyalists
12395,19,12,3019,1,VIP / Champions
12397,36,2,2410,2,Potential Loyalists
12398,46,1,1636,2,Potential Loyalists
12399,119,4,1109,2,Potential Loyalists
12401,303,1,84,3,At Risk / Hibernating
12402,323,1,226,3,At Risk / Hibernating
12403,50,1,428,3,At Risk / Hibernating
12405,149,1,1710,2,Potential Loyalists
12406,22,2,3415,2,Potential Loyalists
12407,50,5,1708,2,Potential Loyalists
12408,33,5,2889,2,Potential Loyalists
12409,79,3,11073,2,Potential Loyalists
12410,309,2,693,3,At Risk / Hibernating
12412,75,3,1227,2,Potential Loyalists
12413,67,3,758,2,Potential Loyalists
12414,217,3,562,3,At Risk / Hibernating
12415,24,21,124915,1,VIP / Champions
12417,3,9,3649,1,VIP / Champions
12418,113,1,669,3,At Risk / Hibernating
12420,64,1,600,3,At Risk / Hibernating
12421,16,4,807,0,Recent / New Customers
12422,96,3,804,2,Potential Loyalists
12423,1,8,1859,1,VIP / Champions
12424,163,2,1761,2,Potential Loyalists
12425,78,1,777,3,At Risk / Hibernating
12426,195,1,583,3,At Risk / Hibernating
12427,22,3,826,0,Recent / New Customers
12428,26,9,7956,1,VIP / Champions
12429,9,4,3750,1,VIP / Champions
12430,43,1,256,3,At Risk / Hibernating
12431,36,15,6487,1,VIP / Champions
12432,43,5,5059,2,Potential Loyalists
12433,1,7,13376,1,VIP / Champions
12434,85,2,806,2,Potential Loyalists
12435,80,2,7830,2,Potential Loyalists
12436,100,1,509,3,At Risk / Hibernating
12437,2,18,4951,1,VIP / Champions
12438,14,2,2907,2,Potential Loyalists
12441,367,1,174,3,At Risk / Hibernating
12442,3,1,172,0,Recent / New Customers
12444,21,5,5005,1,VIP / Champions
12445,22,1,133,0,Recent / New Customers
12446,58,1,1002,3,At Risk / Hibernating
12447,243,1,476,3,At Risk / Hibernating
12448,44,1,449,3,At Risk / Hibernating
12449,22,4,4067,2,Potential Loyalists
12450,156,2,198,3,At Risk / Hibernating
12451,11,5,9036,1,VIP / Champions
12452,17,2,431,0,Recent / New Customers
12453,134,1,707,3,At Risk / Hibernating
12454,56,1,3528,2,Potential Loyalists
12455,73,6,2467,2,Potential Loyalists
12456,44,3,3181,2,Potential Loyalists
12457,66,7,2363,2,Potential Loyalists
12458,71,2,947,2,Potential Loyalists
12461,94,2,827,2,Potential Loyalists
12462,19,2,1190,0,Recent / New Customers
12463,53,4,1345,2,Potential Loyalists
12464,10,8,1212,1,VIP / Champions
12465,17,2,742,0,Recent / New Customers
12468,188,2,730,3,At Risk / Hibernating
12471,2,30,19824,1,VIP / Champions
12472,32,7,6572,1,VIP / Champions
12473,29,5,3939,2,Potential Loyalists
12474,17,18,7376,1,VIP / Champions
12475,54,1,723,3,At Risk / Hibernating
12476,16,11,6816,1,VIP / Champions
12477,23,6,13220,1,VIP / Champions
12478,4,1,681,0,Recent / New Customers
12479,11,1,527,0,Recent / New Customers
12480,28,4,3282,2,Potential Loyalists
12481,23,10,5596,1,VIP / Champions
12483,17,8,2485,1,VIP / Champions
12484,33,6,4542,2,Potential Loyalists
12488,10,3,1299,0,Recent / New Customers
12489,336,1,335,3,At Risk / Hibernating
12490,5,10,5418,1,VIP / Champions
12491,39,1,460,0,Recent / New Customers
12492,63,2,263,3,At Risk / Hibernating
12493,166,2,434,3,At Risk / Hibernating
12494,16,7,1246,2,Potential Loyalists
12497,82,1,1043,3,At Risk / Hibernating
12498,21,3,404,0,Recent / New Customers
12500,23,11,4258,1,VIP / Champions
12501,337,1,2169,3,At Risk / Hibernating
12502,96,5,3724,2,Potential Loyalists
12504,18,2,482,0,Recent / New Customers
12506,233,1,74,3,At Risk / Hibernating
12507,134,3,1305,2,Potential Loyalists
12508,26,2,398,0,Recent / New Customers
12509,284,1,176,3,At Risk / Hibernating
12510,143,2,983,2,Potential Loyalists
12512,66,2,138,3,At Risk / Hibernating
12513,113,1,612,3,At Risk / Hibernating
12514,267,1,1018,3,At Risk / Hibernating
12515,353,1,384,3,At Risk / Hibernating
12516,78,2,1312,2,Potential Loyalists
12517,28,5,2503,2,Potential Loyalists
12518,1,5,2057,1,VIP / Champions
12519,64,1,341,3,At Risk / Hibernating
12520,79,5,2634,2,Potential Loyalists
12521,143,1,600,3,At Risk / Hibernating
12522,39,2,193,0,Recent / New Customers
12523,19,11,1790,1,VIP / Champions
12524,9,8,4486,1,VIP / Champions
12526,1,3,1317,0,Recent / New Customers
12527,82,3,349,3,At Risk / Hibernating
12528,9,6,1933,1,VIP / Champions
12530,60,4,1662,2,Potential Loyalists
12531,15,1,125,0,Recent / New Customers
12532,30,1,350,0,Recent / New Customers
12534,131,1,1089,3,At Risk / Hibernating
12535,92,2,716,2,Potential Loyalists
12536,43,3,12602,2,Potential Loyalists
12538,29,1,364,0,Recent / New Customers
12539,22,4,5568,2,Potential Loyalists
12540,20,17,13400,1,VIP / Champions
12541,30,3,981,2,Potential Loyalists
12544,36,1,373,0,Recent / New Customers
12545,75,2,1000,2,Potential Loyalists
12546,47,2,1162,2,Potential Loyalists
12547,198,2,208,3,At Risk / Hibernating
12548,166,1,95,3,At Risk / Hibernating
12550,79,1,965,3,At Risk / Hibernating
12551,358,1,168,3,At Risk / Hibernating
12552,39,2,438,0,Recent / New Customers
12553,8,10,3692,1,VIP / Champions
12556,50,2,604,0,Recent / New Customers
12557,16,5,11991,1,VIP / Champions
12558,8,1,270,0,Recent / New Customers
12559,311,2,562,3,At Risk / Hibernating
12560,5,3,2134,0,Recent / New Customers
12561,303,1,239,3,At Risk / Hibernating
12562,8,7,3782,1,VIP / Champions
12564,261,1,457,3,At Risk / Hibernating
12565,289,1,146,3,At Risk / Hibernating
12566,86,1,352,3,At Risk / Hibernating
12567,23,10,9401,1,VIP / Champions
12569,2,32,4125,1,VIP / Champions
12571,40,2,520,0,Recent / New Customers
12572,9,2,1020,0,Recent / New Customers
12573,227,1,161,3,At Risk / Hibernating
12574,316,1,218,3,At Risk / Hibernating
12576,36,5,1316,2,Potential Loyalists
12577,35,3,658,2,Potential Loyalists
12578,21,2,2795,2,Potential Loyalists
12579,78,1,440,3,At Risk / Hibernating
12580,247,1,416,3,At Risk / Hibernating
12581,40,1,198,3,At Risk / Hibernating
12582,239,2,511,3,At Risk / Hibernating
12583,3,15,7281,1,VIP / Champions
12584,4,9,2338,1,VIP / Champions
12585,234,2,2040,2,Potential Loyalists
12586,17,1,197,0,Recent / New Customers
12587,8,1,144,0,Recent / New Customers
12588,39,1,215,3,At Risk / Hibernating
12589,29,2,647,0,Recent / New Customers
12590,211,2,9864,2,Potential Loyalists
12591,317,1,453,3,At Risk / Hibernating
12592,92,2,438,3,At Risk / Hibernating
12593,109,3,418,3,At Risk / Hibernating
12594,38,10,3338,1,VIP / Champions
12596,51,2,618,2,Potential Loyalists
12597,19,4,3811,2,Potential Loyalists
12598,10,8,3023,1,VIP / Champions
12599,29,7,1033,2,Potential Loyalists
12600,29,10,2599,1,VIP / Champions
12601,190,5,577,2,Potential Loyalists
12602,59,1,153,3,At Risk / Hibernating
12603,22,1,739,0,Recent / New Customers
12604,79,2,254,3,At Risk / Hibernating
12607,60,1,1580,2,Potential Loyalists
12609,78,3,1127,2,Potential Loyalists
12610,23,5,2100,2,Potential Loyalists
12611,52,1,1193,2,Potential Loyalists
12612,74,1,704,3,At Risk / Hibernating
12613,57,5,3344,2,Potential Loyalists
12614,278,1,316,3,At Risk / Hibernating
12615,2,4,2291,1,VIP / Champions
12616,95,2,713,3,At Risk / Hibernating
12617,29,1,356,0,Recent / New Customers
12618,22,1,177,0,Recent / New Customers
12619,16,9,3641,1,VIP / Champions
12620,15,3,1339,2,Potential Loyalists
12621,2,20,13690,1,VIP / Champions
12622,232,1,180,3,At Risk / Hibernating
12623,276,1,305,3,At Risk / Hibernating
12624,106,2,641,3,At Risk / Hibernating
12625,212,2,2684,2,Potential Loyalists
12626,23,9,6620,1,VIP / Champions
12627,11,7,4479,1,VIP / Champions
12628,4,3,786,0,Recent / New Customers
12630,10,2,1271,0,Recent / New Customers
12631,57,1,640,3,At Risk / Hibernating
12633,59,4,2164,2,Potential Loyalists
12635,90,2,1689,2,Potential Loyalists
12637,67,8,6022,2,Potential Loyalists
12638,33,1,672,0,Recent / New Customers
12639,239,1,486,3,At Risk / Hibernating
12640,24,3,1175,2,Potential Loyalists
12641,115,1,186,3,At Risk / Hibernating
12642,25,3,1013,2,Potential Loyalists
12643,128,6,3345,2,Potential Loyalists
12644,130,1,478,3,At Risk / Hibernating
12645,34,4,1775,2,Potential Loyalists
12646,5,2,1347,0,Recent / New Customers
12647,22,12,3723,1,VIP / Champions
12648,155,1,318,3,At Risk / Hibernating
12649,107,3,624,2,Potential Loyalists
12650,3,1,314,0,Recent / New Customers
12651,335,1,114,3,At Risk / Hibernating
12652,331,1,920,3,At Risk / Hibernating
12653,149,2,2210,2,Potential Loyalists
12654,11,5,602,0,Recent / New Customers
12656,17,5,4051,1,VIP / Champions
12657,11,4,1643,2,Potential Loyalists
12658,19,1,686,0,Recent / New Customers
12659,30,1,92,3,At Risk / Hibernating
12660,11,1,245,0,Recent / New Customers
12662,1,11,3850,1,VIP / Champions
12664,8,9,4882,1,VIP / Champions
12665,325,1,63,3,At Risk / Hibernating
12667,58,1,620,3,At Risk / Hibernating
12668,12,4,3807,1,VIP / Champions
12669,151,3,2744,2,Potential Loyalists
12670,10,5,2996,1,VIP / Champions
12672,330,1,226,3,At Risk / Hibernating
12673,5,2,611,0,Recent / New Customers
12674,39,4,1971,2,Potential Loyalists
12676,25,6,1331,2,Potential Loyalists
12678,42,12,17628,1,VIP / Champions
12679,59,4,1113,2,Potential Loyalists
12680,1,4,863,0,Recent / New Customers
12681,15,22,13788,1,VIP / Champions
12682,4,31,12288,1,VIP / Champions
12683,4,15,8477,1,VIP / Champions
12684,8,7,2284,1,VIP / Champions
12685,28,6,2863,2,Potential Loyalists
12686,372,1,89,3,At Risk / Hibernating
12688,114,1,4874,2,Potential Loyalists
12689,26,2,1248,2,Potential Loyalists
12690,206,1,389,3,At Risk / Hibernating
12691,28,6,1036,2,Potential Loyalists
12693,127,4,856,2,Potential Loyalists
12694,70,2,870,2,Potential Loyalists
12695,7,4,582,0,Recent / New Customers
12697,29,3,958,2,Potential Loyalists
12700,8,4,4940,1,VIP / Champions
12701,80,2,798,2,Potential Loyalists
12702,20,1,219,0,Recent / New Customers
12703,71,1,284,3,At Risk / Hibernating
12704,7,8,2341,1,VIP / Champions
12705,15,9,6868,1,VIP / Champions
12707,292,1,603,3,At Risk / Hibernating
12708,30,10,2713,1,VIP / Champions
12709,15,15,9737,1,VIP / Champions
12710,97,3,1149,2,Potential Loyalists
12712,29,13,4396,1,VIP / Champions
12713,1,1,849,0,Recent / New Customers
12714,9,5,4709,1,VIP / Champions
12715,106,1,354,3,At Risk / Hibernating
12716,4,2,1053,0,Recent / New Customers
12717,151,2,1031,2,Potential Loyalists
12718,71,1,238,3,At Risk / Hibernating
12719,5,2,645,0,Recent / New Customers
12720,3,25,5782,1,VIP / Champions
12721,32,6,2656,2,Potential Loyalists
12722,85,4,998,2,Potential Loyalists
12723,4,5,725,0,Recent / New Customers
12724,5,4,1031,0,Recent / New Customers
12725,371,1,428,3,At Risk / Hibernating
12726,28,7,2609,2,Potential Loyalists
12727,11,7,3981,1,VIP / Champions
12728,71,4,836,2,Potential Loyalists
12729,114,1,453,3,At Risk / Hibernating
12731,24,12,18896,1,VIP / Champions
12732,180,1,236,3,At Risk / Hibernating
12733,234,1,384,3,At Risk / Hibernating
12734,353,1,110,3,At Risk / Hibernating
12735,315,2,780,3,At Risk / Hibernating
12736,333,1,234,3,At Risk / Hibernating
12738,372,1,155,3,At Risk / Hibernating
12739,78,2,1013,2,Potential Loyalists
12740,64,1,428,3,At Risk / Hibernating
12743,134,2,546,3,At Risk / Hibernating
12744,52,7,21279,1,VIP / Champions
12747,2,11,4196,1,VIP / Champions
12748,1,209,33720,1,VIP / Champions
12749,4,5,4091,1,VIP / Champions
12750,129,1,276,3,At Risk / Hibernating
12752,81,1,4367,2,Potential Loyalists
12753,23,6,21429,1,VIP / Champions
12754,236,3,3011,2,Potential Loyalists
12755,281,2,3812,2,Potential Loyalists
12756,87,1,112,3,At Risk / Hibernating
12757,16,13,7857,1,VIP / Champions
12758,117,2,2792,2,Potential Loyalists
12759,52,3,1531,2,Potential Loyalists
12762,8,2,1899,0,Recent / New Customers
12763,138,2,494,3,At Risk / Hibernating
12764,317,1,1694,3,At Risk / Hibernating
12766,4,7,6990,1,VIP / Champions
12769,239,1,1144,3,At Risk / Hibernating
12770,211,1,1351,3,At Risk / Hibernating
12772,60,1,892,3,At Risk / Hibernating
12775,17,5,1386,2,Potential Loyalists
12778,20,6,822,2,Potential Loyalists
12779,38,8,3981,1,VIP / Champions
12781,64,2,827,2,Potential Loyalists
12782,5,5,2331,1,VIP / Champions
12783,2,6,2226,1,VIP / Champions
12784,9,2,574,0,Recent / New Customers
12785,364,1,312,3,At Risk / Hibernating
12787,10,3,464,0,Recent / New Customers
12789,65,1,92,3,At Risk / Hibernating
12790,192,1,325,3,At Risk / Hibernating
12791,374,1,193,3,At Risk / Hibernating
12792,257,1,401,3,At Risk / Hibernating
12793,335,2,545,3,At Risk / Hibernating
12794,53,2,860,2,Potential Loyalists
12795,19,1,430,0,Recent / New Customers
12797,366,1,254,3,At Risk / Hibernating
12798,10,3,6977,1,VIP / Champions
12802,187,1,428,3,At Risk / Hibernating
12808,37,3,484,0,Recent / New Customers
12809,178,1,489,3,At Risk / Hibernating
12811,261,3,515,3,At Risk / Hibernating
12812,45,1,230,3,At Risk / Hibernating
12814,102,1,126,3,At Risk / Hibernating
12815,148,2,1063,2,Potential Loyalists
12816,96,2,572,3,At Risk / Hibernating
12817,281,1,166,3,At Risk / Hibernating
12818,262,1,1542,3,At Risk / Hibernating
12820,3,4,942,0,Recent / New Customers
12821,214,1,93,3,At Risk / Hibernating
12822,71,2,949,2,Potential Loyalists
12823,75,5,1760,2,Potential Loyalists
12824,60,1,397,3,At Risk / Hibernating
12826,3,7,1475,1,VIP / Champions
12827,6,3,430,0,Recent / New Customers
12828,3,6,1019,1,VIP / Champions
12829,337,2,293,3,At Risk / Hibernating
12830,38,6,6815,2,Potential Loyalists
12831,262,1,215,3,At Risk / Hibernating
12832,32,2,383,0,Recent / New Customers
12833,145,1,417,3,At Risk / Hibernating
12834,283,1,312,3,At Risk / Hibernating
12836,59,4,2613,2,Potential Loyalists
12837,173,1,134,3,At Risk / Hibernating
12838,34,2,683,0,Recent / New Customers
12839,3,14,5591,1,VIP / Champions
12840,144,4,2727,2,Potential Loyalists
12841,5,25,4022,1,VIP / Champions
12842,70,2,1119,2,Potential Loyalists
12843,66,8,1702,2,Potential Loyalists
12844,29,2,326,0,Recent / New Customers
12845,267,4,354,3,At Risk / Hibernating
12847,22,1,872,0,Recent / New Customers
12849,31,2,1051,2,Potential Loyalists
12851,97,1,135,3,At Risk / Hibernating
12852,295,1,312,3,At Risk / Hibernating
12853,135,6,1957,2,Potential Loyalists
12854,79,3,1324,2,Potential Loyalists
12855,373,1,38,3,At Risk / Hibernating
12856,8,6,2180,1,VIP / Champions
12857,211,2,1106,2,Potential Loyalists
12863,52,1,521,3,At Risk / Hibernating
12864,138,1,147,3,At Risk / Hibernating
12865,26,2,1568,2,Potential Loyalists
12866,283,1,559,3,At Risk / Hibernating
12867,26,7,4037,1,VIP / Champions
12868,186,6,1607,2,Potential Loyalists
12871,84,2,381,3,At Risk / Hibernating
12872,327,2,600,3,At Risk / Hibernating
12873,282,1,374,3,At Risk / Hibernating
12875,143,2,343,3,At Risk / Hibernating
12876,58,2,2218,2,Potential Loyalists
12877,4,12,1536,1,VIP / Champions
12878,236,2,855,3,At Risk / Hibernating
12879,45,3,573,2,Potential Loyalists
12881,276,1,298,3,At Risk / Hibernating
12882,9,2,1463,0,Recent / New Customers
12883,25,4,703,2,Potential Loyalists
12884,88,1,309,3,At Risk / Hibernating
12885,63,3,1175,2,Potential Loyalists
12886,68,2,1378,2,Potential Loyalists
12888,214,2,354,3,At Risk / Hibernating
12890,24,1,380,0,Recent / New Customers
12891,186,3,331,3,At Risk / Hibernating
12893,31,1,188,0,Recent / New Customers
12895,42,2,373,0,Recent / New Customers
12897,205,2,216,3,At Risk / Hibernating
12901,9,28,17655,1,VIP / Champions
12902,265,1,139,3,At Risk / Hibernating
12904,18,2,510,0,Recent / New Customers
12906,12,5,2920,1,VIP / Champions
12908,176,2,750,3,At Risk / Hibernating
12909,40,5,2179,2,Potential Loyalists
12910,23,8,3075,1,VIP / Champions
12912,3,5,1662,1,VIP / Champions
12913,5,5,2484,1,VIP / Champions
12915,149,2,364,3,At Risk / Hibernating
12916,139,4,3006,2,Potential Loyalists
12917,128,1,594,3,At Risk / Hibernating
12919,8,6,1335,1,VIP / Champions
12920,17,1,164,0,Recent / New Customers
12921,9,37,16587,1,VIP / Champions
12922,161,1,405,3,At Risk / Hibernating
12923,64,1,177,3,At Risk / Hibernating
12924,88,4,934,2,Potential Loyalists
12925,5,2,694,0,Recent / New Customers
12928,35,5,2063,2,Potential Loyalists
12929,312,1,118,3,At Risk / Hibernating
12930,78,2,416,3,At Risk / Hibernating
12931,22,15,42056,1,VIP / Champions
12933,24,3,608,0,Recent / New Customers
12935,2,7,2161,1,VIP / Champions
12936,17,4,1064,2,Potential Loyalists
12937,15,4,1504,2,Potential Loyalists
12938,26,1,114,0,Recent / New Customers
12939,64,8,11582,1,VIP / Champions
12940,55,2,914,2,Potential Loyalists
12942,131,3,684,2,Potential Loyalists
12944,36,2,605,0,Recent / New Customers
12945,288,1,463,3,At Risk / Hibernating
12947,144,6,1604,2,Potential Loyalists
12948,16,7,2065,1,VIP / Champions
12949,31,8,4167,1,VIP / Champions
12950,2,3,1843,0,Recent / New Customers
12951,9,6,1064,1,VIP / Champions
12952,6,4,1388,0,Recent / New Customers
12953,10,1,330,0,Recent / New Customers
12955,1,11,4757,1,VIP / Champions
12956,306,1,108,3,At Risk / Hibernating
12957,10,8,4018,1,VIP / Champions
12962,7,2,266,0,Recent / New Customers
12963,8,8,1857,1,VIP / Champions
12965,89,1,772,3,At Risk / Hibernating
12966,10,1,160,0,Recent / New Customers
12967,358,2,1661,2,Potential Loyalists
12968,112,1,136,3,At Risk / Hibernating
12970,7,4,452,0,Recent / New Customers
12971,4,86,11190,1,VIP / Champions
12974,198,1,145,3,At Risk / Hibernating
12976,212,1,739,3,At Risk / Hibernating
12977,156,1,39,3,At Risk / Hibernating
12980,158,9,7375,2,Potential Loyalists
12981,30,2,372,0,Recent / New Customers
12982,243,1,391,3,At Risk / Hibernating
12984,19,1,98,0,Recent / New Customers
12985,1,2,1239,0,Recent / New Customers
12987,74,2,559,3,At Risk / Hibernating
12988,292,1,535,3,At Risk / Hibernating
12989,3,15,6924,1,VIP / Champions
12990,31,3,410,0,Recent / New Customers
12991,23,2,504,0,Recent / New Customers
12993,23,4,415,0,Recent / New Customers
12994,4,3,974,0,Recent / New Customers
12995,85,1,211,3,At Risk / Hibernating
12997,22,4,1227,2,Potential Loyalists
12999,196,3,456,3,At Risk / Hibernating
13000,107,3,535,2,Potential Loyalists
13001,4,13,9819,1,VIP / Champions
13002,318,1,121,3,At Risk / Hibernating
13003,106,3,149,3,At Risk / Hibernating
13004,12,18,5656,1,VIP / Champions
13005,174,2,514,3,At Risk / Hibernating
13006,56,1,82,3,At Risk / Hibernating
13008,323,1,229,3,At Risk / Hibernating
13011,372,1,51,3,At Risk / Hibernating
13012,9,8,1662,1,VIP / Champions
13013,1,13,4811,1,VIP / Champions
13014,11,10,3466,1,VIP / Champions
13015,53,5,3346,2,Potential Loyalists
13016,73,3,790,2,Potential Loyalists
13017,7,1,204,0,Recent / New Customers
13018,16,28,7278,1,VIP / Champions
13021,4,9,2616,1,VIP / Champions
13023,64,2,690,2,Potential Loyalists
13026,1,5,975,1,VIP / Champions
13027,114,6,6912,2,Potential Loyalists
13028,23,2,661,0,Recent / New Customers
13029,31,3,1248,2,Potential Loyalists
13030,11,2,799,0,Recent / New Customers
13032,52,2,1010,2,Potential Loyalists
13033,357,1,191,3,At Risk / Hibernating
13034,55,2,643,2,Potential Loyalists
13035,74,2,922,2,Potential Loyalists
13037,138,3,881,2,Potential Loyalists
13038,80,3,908,2,Potential Loyalists
13040,9,2,677,0,Recent / New Customers
13043,273,1,516,3,At Risk / Hibernating
13044,291,1,560,3,At Risk / Hibernating
13045,99,1,305,3,At Risk / Hibernating
13046,31,2,629,0,Recent / New Customers
13047,32,10,3238,1,VIP / Champions
13048,14,4,1836,2,Potential Loyalists
13049,64,2,657,2,Potential Loyalists
13050,15,17,5837,1,VIP / Champions
13052,212,1,348,3,At Risk / Hibernating
13055,78,3,1214,2,Potential Loyalists
13058,25,3,271,0,Recent / New Customers
13059,250,1,183,3,At Risk / Hibernating
13060,254,1,308,3,At Risk / Hibernating
13061,72,1,249,3,At Risk / Hibernating
13062,191,1,347,3,At Risk / Hibernating
13064,13,4,1119,2,Potential Loyalists
13065,373,1,206,3,At Risk / Hibernating
13066,24,2,471,0,Recent / New Customers
13067,82,1,115,3,At Risk / Hibernating
13068,10,2,344,0,Recent / New Customers
13069,1,24,4436,1,VIP / Champions
13070,192,1,229,3,At Risk / Hibernating
13072,267,1,177,3,At Risk / Hibernating
13075,130,1,920,3,At Risk / Hibernating
13077,1,4,729,0,Recent / New Customers
13078,3,26,12628,1,VIP / Champions
13079,4,5,220,0,Recent / New Customers
13080,179,1,58,3,At Risk / Hibernating
13081,12,11,28337,1,VIP / Champions
13082,126,9,3614,2,Potential Loyalists
13083,4,2,304,0,Recent / New Customers
13085,158,2,416,3,At Risk / Hibernating
13089,3,97,58826,1,VIP / Champions
13090,9,14,8911,1,VIP / Champions
13091,28,1,346,0,Recent / New Customers
13092,71,5,478,2,Potential Loyalists
13093,276,8,7832,2,Potential Loyalists
13094,21,12,1927,1,VIP / Champions
13095,71,1,74,3,At Risk / Hibernating
13097,33,10,6010,1,VIP / Champions
13098,1,28,28882,1,VIP / Champions
13099,99,1,207,3,At Risk / Hibernating
13101,234,1,101,3,At Risk / Hibernating
13102,1,24,6424,1,VIP / Champions
13103,40,1,244,3,At Risk / Hibernating
13104,3,6,1098,1,VIP / Champions
13106,133,1,76,3,At Risk / Hibernating
13107,44,4,1532,2,Potential Loyalists
13108,373,1,350,3,At Risk / Hibernating
13109,60,2,787,2,Potential Loyalists
13110,31,7,1489,2,Potential Loyalists
13113,1,24,12246,1,VIP / Champions
13115,12,4,2295,2,Potential Loyalists
13116,138,1,501,3,At Risk / Hibernating
13117,22,8,985,2,Potential Loyalists
13118,20,5,1198,2,Potential Loyalists
13120,239,1,31,3,At Risk / Hibernating
13121,269,1,284,3,At Risk / Hibernating
13122,94,2,922,2,Potential Loyalists
13124,90,3,3866,2,Potential Loyalists
13126,5,8,2100,1,VIP / Champions
13127,78,1,259,3,At Risk / Hibernating
13130,94,1,64,3,At Risk / Hibernating
13131,23,3,1073,2,Potential Loyalists
13132,262,1,77,3,At Risk / Hibernating
13133,274,2,110,3,At Risk / Hibernating
13134,86,4,1794,2,Potential Loyalists
13135,197,1,3096,2,Potential Loyalists
13136,56,5,2608,2,Potential Loyalists
13137,11,8,3650,1,VIP / Champions
13138,22,6,962,2,Potential Loyalists
13139,16,7,5065,1,VIP / Champions
13140,108,3,424,3,At Risk / Hibernating
13141,85,5,2389,2,Potential Loyalists
13142,19,1,307,0,Recent / New Customers
13144,333,1,111,3,At Risk / Hibernating
13145,40,4,619,2,Potential Loyalists
13146,26,1,229,0,Recent / New Customers
13147,10,4,713,0,Recent / New Customers
13148,29,12,3707,1,VIP / Champions
13149,14,4,1676,2,Potential Loyalists
13151,296,1,1258,3,At Risk / Hibernating
13153,6,1,486,0,Recent / New Customers
13155,33,4,972,2,Potential Loyalists
13157,49,4,1741,2,Potential Loyalists
13158,95,4,1201,2,Potential Loyalists
13159,9,4,1438,0,Recent / New Customers
13160,22,1,92,0,Recent / New Customers
13161,313,1,113,3,At Risk / Hibernating
13162,122,4,1688,2,Potential Loyalists
13165,46,2,1021,2,Potential Loyalists
13166,283,1,417,3,At Risk / Hibernating
13167,19,4,791,2,Potential Loyalists
13168,36,4,1319,2,Potential Loyalists
13169,64,2,713,2,Potential Loyalists
13170,27,1,116,0,Recent / New Customers
13171,22,3,468,0,Recent / New Customers
13173,4,2,354,0,Recent / New Customers
13174,16,3,2817,2,Potential Loyalists
13176,46,1,493,3,At Risk / Hibernating
13177,65,1,282,3,At Risk / Hibernating
13178,26,11,5725,1,VIP / Champions
13182,45,1,121,3,At Risk / Hibernating
13183,8,9,3958,1,VIP / Champions
13184,15,10,1701,1,VIP / Champions
13185,268,1,71,3,At Risk / Hibernating
13186,40,3,1576,2,Potential Loyalists
13187,337,1,236,3,At Risk / Hibernating
13188,11,1,115,0,Recent / New Customers
13189,19,2,261,0,Recent / New Customers
13192,95,2,912,2,Potential Loyalists
13193,61,1,118,3,At Risk / Hibernating
13194,136,1,61,3,At Risk / Hibernating
13196,11,4,1798,2,Potential Loyalists
13198,10,6,3401,1,VIP / Champions
13199,4,38,9817,1,VIP / Champions
13200,19,4,870,2,Potential Loyalists
13203,10,4,869,0,Recent / New Customers
13207,15,2,250,0,Recent / New Customers
13208,59,6,1224,2,Potential Loyalists
13209,30,8,5892,1,VIP / Champions
13210,94,1,353,3,At Risk / Hibernating
13211,10,3,1197,0,Recent / New Customers
13212,20,3,788,0,Recent / New Customers
13213,57,5,1521,2,Potential Loyalists
13216,268,1,334,3,At Risk / Hibernating
13217,122,3,534,2,Potential Loyalists
13218,127,1,63,3,At Risk / Hibernating
13220,78,4,819,2,Potential Loyalists
13221,240,2,847,3,At Risk / Hibernating
13223,200,2,163,3,At Risk / Hibernating
13224,60,2,2156,2,Potential Loyalists
13225,3,7,6464,1,VIP / Champions
13226,273,1,108,3,At Risk / Hibernating
13227,202,1,258,3,At Risk / Hibernating
13228,81,1,358,3,At Risk / Hibernating
13229,226,1,161,3,At Risk / Hibernating
13230,4,14,2807,1,VIP / Champions
13232,13,7,1358,1,VIP / Champions
13233,74,2,605,3,At Risk / Hibernating
13235,212,1,1031,3,At Risk / Hibernating
13236,25,2,745,0,Recent / New Customers
13238,17,4,701,0,Recent / New Customers
13239,262,1,330,3,At Risk / Hibernating
13240,96,4,664,2,Potential Loyalists
13242,112,3,270,3,At Risk / Hibernating
13243,203,1,600,3,At Risk / Hibernating
13244,93,1,122,3,At Risk / Hibernating
13245,51,1,430,3,At Risk / Hibernating
13246,18,6,1987,2,Potential Loyalists
13247,18,4,501,0,Recent / New Customers
13248,125,2,466,3,At Risk / Hibernating
13249,92,3,711,2,Potential Loyalists
13253,157,2,1030,2,Potential Loyalists
13255,9,2,400,0,Recent / New Customers
13258,12,3,699,0,Recent / New Customers
13259,62,1,292,3,At Risk / Hibernating
13260,61,1,558,3,At Risk / Hibernating
13261,269,2,944,3,At Risk / Hibernating
13262,263,1,200,3,At Risk / Hibernating
13263,1,35,7454,1,VIP / Champions
13265,53,5,2108,2,Potential Loyalists
13266,11,12,3834,1,VIP / Champions
13267,3,19,4521,1,VIP / Champions
13268,18,11,3215,1,VIP / Champions
13269,1,15,5346,1,VIP / Champions
13270,366,1,590,3,At Risk / Hibernating
13271,37,1,217,3,At Risk / Hibernating
13272,31,2,277,0,Recent / New Customers
13273,113,1,139,3,At Risk / Hibernating
13276,64,2,591,2,Potential Loyalists
13277,16,4,258,0,Recent / New Customers
13278,41,1,543,0,Recent / New Customers
13279,78,1,138,3,At Risk / Hibernating
13280,122,3,815,2,Potential Loyalists
13282,18,3,1132,2,Potential Loyalists
13283,60,2,94,3,At Risk / Hibernating
13284,331,1,201,3,At Risk / Hibernating
13285,23,4,2709,2,Potential Loyalists
13291,156,1,361,3,At Risk / Hibernating
13292,39,2,579,0,Recent / New Customers
13294,190,2,874,3,At Risk / Hibernating
13295,360,1,201,3,At Risk / Hibernating
13296,137,1,87,3,At Risk / Hibernating
13297,8,4,2090,1,VIP / Champions
13298,1,1,360,0,Recent / New Customers
13299,268,1,142,3,At Risk / Hibernating
13300,169,1,372,3,At Risk / Hibernating
13301,104,4,618,2,Potential Loyalists
13302,155,1,64,3,At Risk / Hibernating
13304,351,1,300,3,At Risk / Hibernating
13305,4,10,2001,1,VIP / Champions
13307,120,1,15,3,At Risk / Hibernating
13308,23,3,1386,2,Potential Loyalists
13309,7,5,1457,1,VIP / Champions
13310,28,3,1132,2,Potential Loyalists
13311,4,2,599,0,Recent / New Customers
13313,22,5,1555,2,Potential Loyalists
13314,2,3,776,0,Recent / New Customers
13316,37,4,5978,2,Potential Loyalists
13317,66,6,2274,2,Potential Loyalists
13318,1,3,641,0,Recent / New Customers
13319,5,26,10846,1,VIP / Champions
13320,78,4,1549,2,Potential Loyalists
13321,72,2,567,3,At Risk / Hibernating
13322,17,1,199,0,Recent / New Customers
13323,3,5,788,0,Recent / New Customers
13324,36,10,7122,1,VIP / Champions
13325,82,1,675,3,At Risk / Hibernating
13327,39,8,3628,1,VIP / Champions
13328,316,1,1308,3,At Risk / Hibernating
13329,32,2,789,0,Recent / New Customers
13330,93,3,1141,2,Potential Loyalists
13332,14,1,351,0,Recent / New Customers
13334,82,3,3537,2,Potential Loyalists
13336,77,1,795,3,At Risk / Hibernating
13338,158,1,487,3,At Risk / Hibernating
13339,201,1,860,3,At Risk / Hibernating
13340,45,7,10736,1,VIP / Champions
13341,261,1,776,3,At Risk / Hibernating
13343,178,1,353,3,At Risk / Hibernating
13344,68,3,2544,2,Potential Loyalists
13345,288,1,390,3,At Risk / Hibernating
13347,70,1,341,3,At Risk / Hibernating
13348,64,1,234,3,At Risk / Hibernating
13349,11,1,247,0,Recent / New Customers
13350,16,2,979,0,Recent / New Customers
13351,66,1,374,3,At Risk / Hibernating
13352,60,1,398,3,At Risk / Hibernating
13354,71,1,744,3,At Risk / Hibernating
13355,122,1,675,3,At Risk / Hibernating
13356,80,1,768,3,At Risk / Hibernating
13357,257,1,610,3,At Risk / Hibernating
13358,269,1,439,3,At Risk / Hibernating
13359,64,1,440,3,At Risk / Hibernating
13362,9,4,3091,1,VIP / Champions
13363,18,2,992,0,Recent / New Customers
13364,71,1,135,3,At Risk / Hibernating
13365,34,2,2225,2,Potential Loyalists
13366,50,1,56,3,At Risk / Hibernating
13368,257,2,623,3,At Risk / Hibernating
13369,366,1,308,3,At Risk / Hibernating
13370,372,1,755,3,At Risk / Hibernating
13372,90,1,379,3,At Risk / Hibernating
13373,61,3,3312,2,Potential Loyalists
13375,89,1,779,3,At Risk / Hibernating
13376,99,3,1020,2,Potential Loyalists
13379,26,3,573,0,Recent / New Customers
13381,32,6,3639,2,Potential Loyalists
13382,281,1,223,3,At Risk / Hibernating
13384,31,7,4152,1,VIP / Champions
13385,330,1,535,3,At Risk / Hibernating
13388,131,2,677,3,At Risk / Hibernating
13389,11,3,798,0,Recent / New Customers
13390,75,1,544,3,At Risk / Hibernating
13391,204,1,60,3,At Risk / Hibernating
13394,2,8,2520,1,VIP / Champions
13395,185,1,308,3,At Risk / Hibernating
13396,29,2,1361,2,Potential Loyalists
13397,73,5,1544,2,Potential Loyalists
13398,192,1,457,3,At Risk / Hibernating
13402,127,2,621,3,At Risk / Hibernating
13403,18,1,75,0,Recent / New Customers
13404,1,2,252,0,Recent / New Customers
13405,74,3,572,2,Potential Loyalists
13408,2,62,28117,1,VIP / Champions
13410,24,5,1003,2,Potential Loyalists
13411,107,1,214,3,At Risk / Hibernating
13414,134,3,1390,2,Potential Loyalists
13416,44,2,712,2,Potential Loyalists
13417,5,2,641,0,Recent / New Customers
13418,12,18,6127,1,VIP / Champions
13419,64,1,221,3,At Risk / Hibernating
13420,150,2,160,3,At Risk / Hibernating
13421,40,2,1851,2,Potential Loyalists
13422,64,1,2626,2,Potential Loyalists
13425,108,3,1624,2,Potential Loyalists
13426,1,10,3641,1,VIP / Champions
13427,19,3,583,0,Recent / New Customers
13428,10,1,218,0,Recent / New Customers
13429,11,4,1007,0,Recent / New Customers
13430,19,2,679,0,Recent / New Customers
13431,67,2,1269,2,Potential Loyalists
13434,74,2,534,3,At Risk / Hibernating
13435,5,7,3810,1,VIP / Champions
13436,2,1,197,0,Recent / New Customers
13437,14,7,3408,1,VIP / Champions
13439,255,1,284,3,At Risk / Hibernating
13441,92,1,297,3,At Risk / Hibernating
13447,23,3,1129,2,Potential Loyalists
13448,17,6,3539,1,VIP / Champions
13449,24,1,292,0,Recent / New Customers
13450,27,6,2044,2,Potential Loyalists
13451,26,5,2976,2,Potential Loyalists
13452,259,2,590,3,At Risk / Hibernating
13453,166,2,357,3,At Risk / Hibernating
13455,25,2,1058,0,Recent / New Customers
13456,18,6,1767,2,Potential Loyalists
13458,7,14,9647,1,VIP / Champions
13460,29,2,183,0,Recent / New Customers
13461,39,3,1445,2,Potential Loyalists
13462,253,1,152,3,At Risk / Hibernating
13464,58,1,675,3,At Risk / Hibernating
13466,184,1,308,3,At Risk / Hibernating
13467,11,2,1084,0,Recent / New Customers
13468,2,37,5705,1,VIP / Champions
13470,99,2,165,3,At Risk / Hibernating
13471,1,4,2532,1,VIP / Champions
13473,61,2,423,3,At Risk / Hibernating
13474,236,1,230,3,At Risk / Hibernating
13475,191,4,1432,2,Potential Loyalists
13476,179,2,1238,2,Potential Loyalists
13477,38,6,1455,2,Potential Loyalists
13479,201,2,301,3,At Risk / Hibernating
13481,46,5,1805,2,Potential Loyalists
13482,232,1,185,3,At Risk / Hibernating
13483,66,1,140,3,At Risk / Hibernating
13484,241,1,314,3,At Risk / Hibernating
13485,233,1,454,3,At Risk / Hibernating
13486,78,3,1122,2,Potential Loyalists
13487,58,3,575,2,Potential Loyalists
13488,17,13,8968,1,VIP / Champions
13489,105,4,450,2,Potential Loyalists
13491,52,10,1216,2,Potential Loyalists
13492,136,3,1270,2,Potential Loyalists
13493,275,2,619,3,At Risk / Hibernating
13494,312,1,316,3,At Risk / Hibernating
13495,8,5,2045,1,VIP / Champions
13496,11,2,653,0,Recent / New Customers
13497,283,2,348,3,At Risk / Hibernating
13499,18,5,1159,2,Potential Loyalists
13500,23,3,1167,2,Potential Loyalists
13501,288,1,1340,3,At Risk / Hibernating
13502,17,3,292,0,Recent / New Customers
13503,71,1,217,3,At Risk / Hibernating
13504,64,1,296,3,At Risk / Hibernating
13505,73,4,4394,2,Potential Loyalists
13506,316,2,459,3,At Risk / Hibernating
13507,3,4,2479,1,VIP / Champions
13508,244,1,111,3,At Risk / Hibernating
13509,9,7,980,1,VIP / Champions
13510,1,4,1792,1,VIP / Champions
13512,261,1,251,3,At Risk / Hibernating
13513,127,1,205,3,At Risk / Hibernating
13514,74,1,152,3,At Risk / Hibernating
13515,73,4,891,2,Potential Loyalists
13516,21,3,1389,2,Potential Loyalists
13517,60,3,2128,2,Potential Loyalists
13518,86,1,659,3,At Risk / Hibernating
13519,78,1,123,3,At Risk / Hibernating
13520,59,6,3624,2,Potential Loyalists
13521,1,3,1094,0,Recent / New Customers
13522,30,1,126,0,Recent / New Customers
13523,33,5,3965,2,Potential Loyalists
13524,41,5,680,2,Potential Loyalists
13525,15,2,629,0,Recent / New Customers
13527,34,7,2288,2,Potential Loyalists
13529,79,2,308,3,At Risk / Hibernating
13531,205,2,484,3,At Risk / Hibernating
13532,34,1,210,0,Recent / New Customers
13533,183,3,271,3,At Risk / Hibernating
13534,2,25,5870,1,VIP / Champions
13536,1,7,3448,1,VIP / Champions
13538,43,7,1281,2,Potential Loyalists
13539,86,3,631,2,Potential Loyalists
13544,40,2,291,0,Recent / New Customers
13546,12,3,627,0,Recent / New Customers
13548,96,2,682,3,At Risk / Hibernating
13549,26,7,918,2,Potential Loyalists
13551,319,1,92,3,At Risk / Hibernating
13552,66,12,3740,1,VIP / Champions
13555,74,4,4149,2,Potential Loyalists
13557,28,2,584,0,Recent / New Customers
13558,6,4,605,0,Recent / New Customers
13560,7,1,174,0,Recent / New Customers
13561,216,1,142,3,At Risk / Hibernating
13562,82,3,1799,2,Potential Loyalists
13563,84,2,778,2,Potential Loyalists
13564,144,3,1749,2,Potential Loyalists
13565,19,2,240,0,Recent / New Customers
13566,41,2,875,2,Potential Loyalists
13568,173,1,193,3,At Risk / Hibernating
13569,17,2,374,0,Recent / New Customers
13570,243,1,239,3,At Risk / Hibernating
13571,13,12,2092,1,VIP / Champions
13572,206,1,1384,3,At Risk / Hibernating
13573,50,2,294,3,At Risk / Hibernating
13575,23,5,732,2,Potential Loyalists
13576,10,18,6717,1,VIP / Champions
13577,25,4,1688,2,Potential Loyalists
13579,15,2,467,0,Recent / New Customers
13581,309,1,118,3,At Risk / Hibernating
13583,156,1,781,3,At Risk / Hibernating
13584,307,1,142,3,At Risk / Hibernating
13587,64,1,712,3,At Risk / Hibernating
13588,16,9,2479,1,VIP / Champions
13589,15,2,380,0,Recent / New Customers
13590,11,6,1982,1,VIP / Champions
13591,65,3,1117,2,Potential Loyalists
13592,36,4,248,0,Recent / New Customers
13593,108,5,2037,2,Potential Loyalists
13594,53,1,397,3,At Risk / Hibernating
13596,6,2,697,0,Recent / New Customers
13598,47,1,180,3,At Risk / Hibernating
13599,1,21,5154,1,VIP / Champions
13600,312,1,220,3,At Risk / Hibernating
13601,45,2,693,2,Potential Loyalists
13602,65,1,429,3,At Risk / Hibernating
13603,26,1,164,0,Recent / New Customers
13606,29,3,281,0,Recent / New Customers
13607,40,1,678,0,Recent / New Customers
13610,12,7,1132,1,VIP / Champions
13611,89,3,1172,2,Potential Loyalists
13614,24,4,1610,2,Potential Loyalists
13615,319,1,418,3,At Risk / Hibernating
13617,40,3,544,2,Potential Loyalists
13618,174,1,177,3,At Risk / Hibernating
13621,117,1,214,3,At Risk / Hibernating
13623,31,5,748,2,Potential Loyalists
13626,253,1,257,3,At Risk / Hibernating
13627,59,5,1638,2,Potential Loyalists
13629,23,11,7792,1,VIP / Champions
13630,5,7,2032,1,VIP / Champions
13631,100,11,3070,2,Potential Loyalists
13632,25,5,2121,2,Potential Loyalists
13634,33,5,1575,2,Potential Loyalists
13635,68,1,1071,3,At Risk / Hibernating
13636,37,5,949,2,Potential Loyalists
13637,52,3,810,2,Potential Loyalists
13638,16,1,123,0,Recent / New Customers
13639,74,1,1033,3,At Risk / Hibernating
13642,216,1,355,3,At Risk / Hibernating
13643,31,3,519,0,Recent / New Customers
13644,16,4,2624,2,Potential Loyalists
13645,120,1,252,3,At Risk / Hibernating
13647,10,4,1678,2,Potential Loyalists
13649,257,2,347,3,At Risk / Hibernating
13650,17,6,1836,2,Potential Loyalists
13651,35,2,94,0,Recent / New Customers
13652,46,3,1095,2,Potential Loyalists
13654,43,6,2707,2,Potential Loyalists
13655,114,2,933,2,Potential Loyalists
13656,165,2,380,3,At Risk / Hibernating
13657,11,2,382,0,Recent / New Customers
13658,10,5,2639,1,VIP / Champions
13659,206,2,1573,2,Potential Loyalists
13662,86,3,898,2,Potential Loyalists
13663,179,1,189,3,At Risk / Hibernating
13666,60,3,85,3,At Risk / Hibernating
13667,149,1,305,3,At Risk / Hibernating
13668,3,21,6364,1,VIP / Champions
13669,51,2,219,3,At Risk / Hibernating
13670,75,1,350,3,At Risk / Hibernating
13672,301,2,186,3,At Risk / Hibernating
13673,19,2,397,0,Recent / New Customers
13675,151,2,487,3,At Risk / Hibernating
13678,152,1,233,3,At Risk / Hibernating
13680,1,4,3722,1,VIP / Champions
13681,18,4,828,2,Potential Loyalists
13682,187,1,60,3,At Risk / Hibernating
13684,286,1,67,3,At Risk / Hibernating
13685,3,7,3119,1,VIP / Champions
13686,183,1,72,3,At Risk / Hibernating
13689,63,1,910,3,At Risk / Hibernating
13690,59,1,172,3,At Risk / Hibernating
13692,25,3,1488,2,Potential Loyalists
13694,4,50,65040,1,VIP / Champions
13695,31,15,2504,1,VIP / Champions
13697,39,1,151,3,At Risk / Hibernating
13699,155,1,309,3,At Risk / Hibernating
13700,26,10,2265,1,VIP / Champions
13703,318,1,100,3,At Risk / Hibernating
13704,5,9,2308,1,VIP / Champions
13705,8,3,712,0,Recent / New Customers
13706,303,1,331,3,At Risk / Hibernating
13707,267,2,806,3,At Risk / Hibernating
13708,271,1,297,3,At Risk / Hibernating
13709,4,13,6328,1,VIP / Champions
13710,32,1,180,0,Recent / New Customers
13711,219,2,252,3,At Risk / Hibernating
13712,247,1,229,3,At Risk / Hibernating
13715,281,5,1079,2,Potential Loyalists
13716,269,1,138,3,At Risk / Hibernating
13717,32,6,1445,2,Potential Loyalists
13718,246,2,307,3,At Risk / Hibernating
13719,15,5,1042,2,Potential Loyalists
13720,117,4,800,2,Potential Loyalists
13721,36,1,524,0,Recent / New Customers
13722,132,3,2375,2,Potential Loyalists
13723,217,1,200,3,At Risk / Hibernating
13725,50,8,1981,2,Potential Loyalists
13726,39,2,1080,2,Potential Loyalists
13727,29,2,333,0,Recent / New Customers
13728,37,6,1016,2,Potential Loyalists
13730,136,2,753,3,At Risk / Hibernating
13731,219,2,611,3,At Risk / Hibernating
13732,28,1,492,0,Recent / New Customers
13735,25,4,2885,2,Potential Loyalists
13736,5,2,732,0,Recent / New Customers
13737,200,1,340,3,At Risk / Hibernating
13739,18,1,217,0,Recent / New Customers
13740,241,1,351,3,At Risk / Hibernating
13741,72,3,668,2,Potential Loyalists
13742,17,12,3131,1,VIP / Champions
13743,3,7,1342,1,VIP / Champions
13744,95,2,1156,2,Potential Loyalists
13745,162,1,300,3,At Risk / Hibernating
13747,374,1,80,3,At Risk / Hibernating
13748,96,5,948,2,Potential Loyalists
13750,54,5,1647,2,Potential Loyalists
13751,288,1,296,3,At Risk / Hibernating
13752,124,6,1186,2,Potential Loyalists
13753,288,1,741,3,At Risk / Hibernating
13754,152,2,283,3,At Risk / Hibernating
13755,4,9,2161,1,VIP / Champions
13756,2,14,5190,1,VIP / Champions
13758,12,7,3191,1,VIP / Champions
13759,33,2,659,0,Recent / New Customers
13760,54,2,287,3,At Risk / Hibernating
13761,50,2,1071,2,Potential Loyalists
13762,219,1,307,3,At Risk / Hibernating
13763,63,1,1715,2,Potential Loyalists
13764,71,3,1522,2,Potential Loyalists
13767,2,37,17220,1,VIP / Champions
13769,2,10,2797,1,VIP / Champions
13771,64,4,2634,2,Potential Loyalists
13772,34,3,1132,2,Potential Loyalists
13774,82,1,345,3,At Risk / Hibernating
13777,1,33,25977,1,VIP / Champions
13778,103,1,179,3,At Risk / Hibernating
13780,7,2,360,0,Recent / New Customers
13781,251,1,128,3,At Risk / Hibernating
13782,13,6,912,2,Potential Loyalists
13784,10,11,2463,1,VIP / Champions
13786,367,1,230,3,At Risk / Hibernating
13787,76,2,309,3,At Risk / Hibernating
13790,4,1,349,0,Recent / New Customers
13791,128,2,1516,2,Potential Loyalists
13792,66,2,196,3,At Risk / Hibernating
13798,1,57,37154,1,VIP / Champions
13799,117,2,689,3,At Risk / Hibernating
13800,310,1,558,3,At Risk / Hibernating
13801,67,1,325,3,At Risk / Hibernating
13802,139,3,4599,2,Potential Loyalists
13803,255,1,277,3,At Risk / Hibernating
13804,31,7,2636,2,Potential Loyalists
13805,52,2,925,2,Potential Loyalists
13806,64,1,256,3,At Risk / Hibernating
13807,367,1,113,3,At Risk / Hibernating
13808,6,5,1748,1,VIP / Champions
13809,305,1,155,3,At Risk / Hibernating
13810,29,3,1499,2,Potential Loyalists
13811,184,3,814,2,Potential Loyalists
13812,42,3,539,2,Potential Loyalists
13813,40,4,1367,2,Potential Loyalists
13814,92,2,1579,2,Potential Loyalists
13815,22,4,4027,2,Potential Loyalists
13816,24,2,572,0,Recent / New Customers
13817,29,2,383,0,Recent / New Customers
13819,302,3,1140,2,Potential Loyalists
13821,145,2,386,3,At Risk / Hibernating
13822,6,2,632,0,Recent / New Customers
13823,19,2,958,0,Recent / New Customers
13824,33,5,1699,2,Potential Loyalists
13826,176,1,190,3,At Risk / Hibernating
13827,58,3,412,2,Potential Loyalists
13828,22,1,209,0,Recent / New Customers
13831,16,6,2203,1,VIP / Champions
13832,19,1,52,0,Recent / New Customers
13833,159,1,385,3,At Risk / Hibernating
13835,25,4,835,2,Potential Loyalists
13837,212,2,271,3,At Risk / Hibernating
13838,6,4,692,0,Recent / New Customers
13841,253,1,85,3,At Risk / Hibernating
13842,59,9,3386,2,Potential Loyalists
13844,11,1,362,0,Recent / New Customers
13845,65,1,313,3,At Risk / Hibernating
13846,25,3,865,2,Potential Loyalists
13848,92,3,1255,2,Potential Loyalists
13849,52,2,1538,2,Potential Loyalists
13850,129,1,1595,2,Potential Loyalists
13851,96,3,2651,2,Potential Loyalists
13853,57,1,1090,2,Potential Loyalists
13854,9,25,8110,1,VIP / Champions
13856,169,3,388,3,At Risk / Hibernating
13858,57,1,216,3,At Risk / Hibernating
13859,326,1,201,3,At Risk / Hibernating
13860,1,5,1246,1,VIP / Champions
13862,18,8,2209,1,VIP / Champions
13863,248,1,306,3,At Risk / Hibernating
13865,58,4,502,2,Potential Loyalists
13866,74,1,146,3,At Risk / Hibernating
13867,31,3,1015,2,Potential Loyalists
13868,7,2,3193,0,Recent / New Customers
13869,123,4,3105,2,Potential Loyalists
13870,2,8,2771,1,VIP / Champions
13871,23,13,6403,1,VIP / Champions
13873,120,3,390,3,At Risk / Hibernating
13874,358,1,540,3,At Risk / Hibernating
13875,54,5,1787,2,Potential Loyalists
13876,64,1,123,3,At Risk / Hibernating
13877,86,1,117,3,At Risk / Hibernating
13878,55,1,1282,2,Potential Loyalists
13880,21,13,3220,1,VIP / Champions
13881,4,20,17160,1,VIP / Champions
13882,3,5,1191,1,VIP / Champions
13883,11,5,2674,1,VIP / Champions
13884,7,5,788,0,Recent / New Customers
13885,189,2,507,3,At Risk / Hibernating
13886,71,1,244,3,At Risk / Hibernating
13887,204,1,350,3,At Risk / Hibernating
13888,120,2,606,3,At Risk / Hibernating
13889,93,1,417,3,At Risk / Hibernating
13890,1,10,1884,1,VIP / Champions
13892,27,4,633,2,Potential Loyalists
13893,298,1,821,3,At Risk / Hibernating
13894,24,3,565,0,Recent / New Customers
13895,28,4,2593,2,Potential Loyalists
13897,50,1,311,3,At Risk / Hibernating
13898,326,1,156,3,At Risk / Hibernating
13899,16,2,389,0,Recent / New Customers
13900,183,3,741,2,Potential Loyalists
13901,72,5,2867,2,Potential Loyalists
13904,37,2,333,0,Recent / New Customers
13908,80,4,2370,2,Potential Loyalists
13911,57,9,2581,2,Potential Loyalists
13914,12,2,626,0,Recent / New Customers
13917,50,2,272,3,At Risk / Hibernating
13918,50,2,1213,2,Potential Loyalists
13919,59,2,385,3,At Risk / Hibernating
13922,352,1,172,3,At Risk / Hibernating
13923,54,1,351,3,At Risk / Hibernating
13924,2,6,1839,1,VIP / Champions
13925,93,4,678,2,Potential Loyalists
13926,23,1,224,0,Recent / New Customers
13927,75,1,349,3,At Risk / Hibernating
13928,11,4,465,0,Recent / New Customers
13929,169,2,843,3,At Risk / Hibernating
13930,58,2,337,3,At Risk / Hibernating
13931,96,2,1238,2,Potential Loyalists
13932,295,1,307,3,At Risk / Hibernating
13933,109,2,609,3,At Risk / Hibernating
13934,264,1,922,3,At Risk / Hibernating
13936,180,1,377,3,At Risk / Hibernating
13937,169,1,159,3,At Risk / Hibernating
13938,35,1,72,3,At Risk / Hibernating
13939,23,3,569,0,Recent / New Customers
13940,17,4,839,0,Recent / New Customers
13941,22,5,5113,1,VIP / Champions
13946,79,3,562,2,Potential Loyalists
13947,65,1,91,3,At Risk / Hibernating
13948,361,1,102,3,At Risk / Hibernating
13949,3,6,2427,1,VIP / Champions
13950,11,4,745,0,Recent / New Customers
13951,176,3,674,2,Potential Loyalists
13952,218,2,3251,2,Potential Loyalists
13953,7,7,3516,1,VIP / Champions
13954,2,2,440,0,Recent / New Customers
13955,154,2,323,3,At Risk / Hibernating
13956,5,5,1026,0,Recent / New Customers
13959,79,3,598,2,Potential Loyalists
13960,21,2,230,0,Recent / New Customers
13962,22,2,170,0,Recent / New Customers
13963,308,4,665,2,Potential Loyalists
13967,146,1,81,3,At Risk / Hibernating
13969,7,18,9054,1,VIP / Champions
13971,19,8,2758,1,VIP / Champions
13972,71,2,190,3,At Risk / Hibernating
13973,287,1,265,3,At Risk / Hibernating
13974,49,1,414,3,At Risk / Hibernating
13975,31,6,2526,2,Potential Loyalists
13976,207,1,358,3,At Risk / Hibernating
13978,15,2,197,0,Recent / New Customers
13979,73,1,870,3,At Risk / Hibernating
13980,60,1,200,3,At Risk / Hibernating
13982,39,4,1872,2,Potential Loyalists
13983,30,12,2603,1,VIP / Champions
13984,27,5,921,2,Potential Loyalists
13985,4,15,7060,1,VIP / Champions
13986,17,1,320,0,Recent / New Customers
13988,20,6,4148,1,VIP / Champions
13989,66,2,1266,2,Potential Loyalists
13990,213,1,311,3,At Risk / Hibernating
13991,12,6,856,2,Potential Loyalists
13992,30,1,77,3,At Risk / Hibernating
13993,43,9,3466,1,VIP / Champions
13994,4,6,2313,1,VIP / Champions
13995,15,5,1394,2,Potential Loyalists
13999,10,12,3902,1,VIP / Champions
14000,211,1,636,3,At Risk / Hibernating
14001,46,3,2043,2,Potential Loyalists
14002,134,2,530,3,At Risk / Hibernating
14004,43,7,4583,2,Potential Loyalists
14005,10,5,2875,1,VIP / Champions
14006,116,3,962,2,Potential Loyalists
14009,198,2,696,3,At Risk / Hibernating
14012,278,1,329,3,At Risk / Hibernating
14013,110,3,473,3,At Risk / Hibernating
14014,77,1,505,3,At Risk / Hibernating
14015,53,1,917,3,At Risk / Hibernating
14016,162,4,4341,2,Potential Loyalists
14019,47,3,1422,2,Potential Loyalists
14020,17,2,643,0,Recent / New Customers
14021,155,3,632,2,Potential Loyalists
14022,225,1,440,3,At Risk / Hibernating
14023,7,2,584,0,Recent / New Customers
14024,122,2,328,3,At Risk / Hibernating
14027,61,1,105,3,At Risk / Hibernating
14029,63,2,468,3,At Risk / Hibernating
14030,18,8,2360,1,VIP / Champions
14031,7,19,17287,1,VIP / Champions
14032,2,11,2976,1,VIP / Champions
14034,22,3,652,0,Recent / New Customers
14035,29,5,1428,2,Potential Loyalists
14036,285,1,627,3,At Risk / Hibernating
14037,176,2,147,3,At Risk / Hibernating
14038,78,3,1560,2,Potential Loyalists
14039,33,1,152,0,Recent / New Customers
14040,41,12,3615,1,VIP / Champions
14041,266,1,141,3,At Risk / Hibernating
14044,27,4,653,2,Potential Loyalists
14045,109,4,1660,2,Potential Loyalists
14046,284,1,155,3,At Risk / Hibernating
14047,9,5,1309,2,Potential Loyalists
14048,305,1,410,3,At Risk / Hibernating
14049,17,4,5682,2,Potential Loyalists
14050,32,2,746,0,Recent / New Customers
14051,1,23,15610,1,VIP / Champions
14052,20,1,225,0,Recent / New Customers
14053,124,2,260,3,At Risk / Hibernating
14054,65,1,92,3,At Risk / Hibernating
14055,106,1,726,3,At Risk / Hibernating
14056,1,23,8215,1,VIP / Champions
14057,24,17,6218,1,VIP / Champions
14059,267,1,184,3,At Risk / Hibernating
14060,5,19,6140,1,VIP / Champions
14062,10,12,10465,1,VIP / Champions
14064,29,5,1354,2,Potential Loyalists
14066,267,1,153,3,At Risk / Hibernating
14067,64,2,375,3,At Risk / Hibernating
14068,320,1,266,3,At Risk / Hibernating
14071,4,8,1439,1,VIP / Champions
14073,32,1,151,0,Recent / New Customers
14075,5,3,942,0,Recent / New Customers
14076,129,1,122,3,At Risk / Hibernating
14077,41,5,499,2,Potential Loyalists
14078,102,6,1049,2,Potential Loyalists
14079,125,1,375,3,At Risk / Hibernating
14080,33,1,46,3,At Risk / Hibernating
14081,302,2,935,3,At Risk / Hibernating
14082,365,1,182,3,At Risk / Hibernating
14083,4,9,1018,1,VIP / Champions
14085,2,18,4449,1,VIP / Champions
14087,3,1,194,0,Recent / New Customers
14088,10,13,50492,1,VIP / Champions
14089,57,1,161,3,At Risk / Hibernating
14090,325,1,76,3,At Risk / Hibernating
14092,8,14,4077,1,VIP / Champions
14093,12,1,443,0,Recent / New Customers
14096,4,17,65165,1,VIP / Champions
14098,37,1,147,3,At Risk / Hibernating
14099,16,11,3104,1,VIP / Champions
14100,138,1,195,3,At Risk / Hibernating
14101,74,6,5977,2,Potential Loyalists
14102,5,5,1360,1,VIP / Champions
14104,155,2,216,3,At Risk / Hibernating
14105,239,1,1266,3,At Risk / Hibernating
14107,52,7,2703,2,Potential Loyalists
14108,31,2,598,0,Recent / New Customers
14109,73,1,144,3,At Risk / Hibernating
14110,4,12,5683,1,VIP / Champions
14111,14,4,693,0,Recent / New Customers
14112,23,7,2915,1,VIP / Champions
14113,4,4,1840,1,VIP / Champions
14114,274,2,387,3,At Risk / Hibernating
14116,20,5,1383,2,Potential Loyalists
14117,144,1,90,3,At Risk / Hibernating
14121,4,4,2780,1,VIP / Champions
14124,84,1,420,3,At Risk / Hibernating
14125,11,3,2740,2,Potential Loyalists
14126,8,3,706,0,Recent / New Customers
14127,123,3,710,2,Potential Loyalists
14128,61,2,638,2,Potential Loyalists
14129,2,5,1124,1,VIP / Champions
14130,319,1,484,3,At Risk / Hibernating
14132,2,11,3586,1,VIP / Champions
14133,130,3,606,2,Potential Loyalists
14135,2,15,4690,1,VIP / Champions
14138,2,2,982,0,Recent / New Customers
14139,46,1,416,3,At Risk / Hibernating
14140,4,2,935,0,Recent / New Customers
14141,3,4,915,0,Recent / New Customers
14142,373,1,312,3,At Risk / Hibernating
14143,134,1,116,3,At Risk / Hibernating
14145,47,4,3742,2,Potential Loyalists
14146,9,5,4191,1,VIP / Champions
14147,78,2,483,3,At Risk / Hibernating
14148,234,1,157,3,At Risk / Hibernating
14149,221,1,447,3,At Risk / Hibernating
14150,36,2,659,0,Recent / New Customers
14152,75,2,621,3,At Risk / Hibernating
14154,239,2,1346,2,Potential Loyalists
14155,266,1,119,3,At Risk / Hibernating
14156,10,55,117380,1,VIP / Champions
14157,20,2,433,0,Recent / New Customers
14158,40,1,508,0,Recent / New Customers
14159,20,11,4693,1,VIP / Champions
14161,216,3,1111,2,Potential Loyalists
14162,174,2,289,3,At Risk / Hibernating
14163,87,4,2446,2,Potential Loyalists
14164,71,2,1632,2,Potential Loyalists
14165,276,1,123,3,At Risk / Hibernating
14167,39,4,575,2,Potential Loyalists
14171,98,1,364,3,At Risk / Hibernating
14173,11,4,451,0,Recent / New Customers
14174,33,1,134,3,At Risk / Hibernating
14175,60,3,3222,2,Potential Loyalists
14176,297,4,577,3,At Risk / Hibernating
14177,86,4,559,2,Potential Loyalists
14178,9,7,1621,1,VIP / Champions
14179,41,2,720,0,Recent / New Customers
14180,11,25,4749,1,VIP / Champions
14184,67,1,453,3,At Risk / Hibernating
14185,331,1,198,3,At Risk / Hibernating
14188,31,6,2054,2,Potential Loyalists
14189,2,15,4654,1,VIP / Champions
14191,2,13,4685,1,VIP / Champions
14193,68,2,853,2,Potential Loyalists
14194,5,21,11350,1,VIP / Champions
14195,202,2,1012,3,At Risk / Hibernating
14196,107,1,336,3,At Risk / Hibernating
14198,18,4,701,0,Recent / New Customers
14199,218,1,185,3,At Risk / Hibernating
14201,60,7,747,2,Potential Loyalists
14204,2,1,161,0,Recent / New Customers
14205,17,2,467,0,Recent / New Customers
14206,239,1,328,3,At Risk / Hibernating
14208,95,1,152,3,At Risk / Hibernating
14209,11,6,2073,1,VIP / Champions
14210,106,6,1906,2,Potential Loyalists
14211,53,9,2241,2,Potential Loyalists
14212,90,1,1070,3,At Risk / Hibernating
14214,31,5,1004,2,Potential Loyalists
14215,12,6,1790,1,VIP / Champions
14216,3,4,1839,1,VIP / Champions
14217,2,17,2005,1,VIP / Champions
14218,43,1,169,3,At Risk / Hibernating
14219,4,1,90,0,Recent / New Customers
14220,247,2,632,3,At Risk / Hibernating
14221,42,9,3433,1,VIP / Champions
14222,177,1,683,3,At Risk / Hibernating
14223,92,3,991,2,Potential Loyalists
14224,110,4,1050,2,Potential Loyalists
14226,29,5,2232,2,Potential Loyalists
14227,26,10,3351,1,VIP / Champions
14229,52,3,1547,2,Potential Loyalists
14231,184,3,926,2,Potential Loyalists
14232,43,5,2048,2,Potential Loyalists
14233,49,4,1463,2,Potential Loyalists
14234,22,4,775,2,Potential Loyalists
14235,75,5,3145,2,Potential Loyalists
14236,81,2,491,3,At Risk / Hibernating
14237,373,1,161,3,At Risk / Hibernating
14238,326,1,147,3,At Risk / Hibernating
14239,43,11,2381,1,VIP / Champions
14240,30,2,890,0,Recent / New Customers
14241,184,1,214,3,At Risk / Hibernating
14242,235,2,281,3,At Risk / Hibernating
14243,9,10,2589,1,VIP / Champions
14245,220,2,1693,2,Potential Loyalists
14246,111,3,1474,2,Potential Loyalists
14247,278,1,137,3,At Risk / Hibernating
14248,318,1,303,3,At Risk / Hibernating
14250,7,3,1904,0,Recent / New Customers
14251,2,5,2880,1,VIP / Champions
14256,260,2,969,3,At Risk / Hibernating
14257,64,5,3100,2,Potential Loyalists
14258,9,9,12670,1,VIP / Champions
14259,142,1,120,3,At Risk / Hibernating
14261,51,2,1163,2,Potential Loyalists
14262,8,8,2618,1,VIP / Champions
14264,155,2,334,3,At Risk / Hibernating
14265,109,2,530,3,At Risk / Hibernating
14267,163,3,1516,2,Potential Loyalists
14270,332,1,493,3,At Risk / Hibernating
14271,226,1,112,3,At Risk / Hibernating
14272,74,2,438,3,At Risk / Hibernating
14273,51,4,560,2,Potential Loyalists
14276,99,3,1120,2,Potential Loyalists
14277,15,3,4216,2,Potential Loyalists
14280,197,1,134,3,At Risk / Hibernating
14282,3,15,3729,1,VIP / Champions
14284,31,2,595,0,Recent / New Customers
14285,21,4,1910,2,Potential Loyalists
14286,24,3,4629,2,Potential Loyalists
14287,8,3,177,0,Recent / New Customers
14288,213,1,427,3,At Risk / Hibernating
14289,9,6,911,0,Recent / New Customers
14290,11,5,2315,1,VIP / Champions
14291,2,11,3883,1,VIP / Champions
14292,8,9,4872,1,VIP / Champions
14293,3,4,1047,0,Recent / New Customers
14295,40,1,166,3,At Risk / Hibernating
14297,18,4,1305,2,Potential Loyalists
14298,8,44,51527,1,VIP / Champions
14299,8,9,3966,1,VIP / Champions
14300,19,1,43,0,Recent / New Customers
14301,117,1,640,3,At Risk / Hibernating
14304,223,1,383,3,At Risk / Hibernating
14305,71,3,1859,2,Potential Loyalists
14306,51,2,2093,2,Potential Loyalists
14307,89,6,2996,2,Potential Loyalists
14309,8,9,2353,1,VIP / Champions
14311,243,1,310,3,At Risk / Hibernating
14312,47,6,1612,2,Potential Loyalists
14314,107,1,120,3,At Risk / Hibernating
14315,45,6,2481,2,Potential Loyalists
14317,65,1,509,3,At Risk / Hibernating
14320,207,2,478,3,At Risk / Hibernating
14321,11,5,1531,2,Potential Loyalists
14323,115,2,605,3,At Risk / Hibernating
14326,242,1,184,3,At Risk / Hibernating
14327,163,1,312,3,At Risk / Hibernating
14329,17,7,5015,1,VIP / Champions
14331,124,2,463,3,At Risk / Hibernating
14332,23,3,866,0,Recent / New Customers
14333,68,1,415,3,At Risk / Hibernating
14334,17,8,2552,1,VIP / Champions
14335,16,2,468,0,Recent / New Customers
14336,17,4,1615,2,Potential Loyalists
14338,161,2,588,3,At Risk / Hibernating
14339,243,1,310,3,At Risk / Hibernating
14340,219,1,135,3,At Risk / Hibernating
14341,45,8,2182,2,Potential Loyalists
14342,21,4,669,0,Recent / New Customers
14344,127,8,890,2,Potential Loyalists
14345,39,1,109,3,At Risk / Hibernating
14346,121,2,1022,2,Potential Loyalists
14348,260,1,410,3,At Risk / Hibernating
14349,10,1,134,0,Recent / New Customers
14350,274,1,283,3,At Risk / Hibernating
14351,165,1,51,3,At Risk / Hibernating
14352,157,4,1079,2,Potential Loyalists
14353,215,1,91,3,At Risk / Hibernating
14354,6,2,164,0,Recent / New Customers
14355,366,1,174,3,At Risk / Hibernating
14356,80,2,701,2,Potential Loyalists
14357,43,1,226,3,At Risk / Hibernating
14359,19,3,912,0,Recent / New Customers
14360,32,4,2128,2,Potential Loyalists
14362,22,1,161,0,Recent / New Customers
14364,109,8,3717,2,Potential Loyalists
14367,8,16,9262,1,VIP / Champions
14368,320,1,155,3,At Risk / Hibernating
14371,295,1,100,3,At Risk / Hibernating
14373,358,1,77,3,At Risk / Hibernating
14375,185,1,258,3,At Risk / Hibernating
14377,191,2,617,3,At Risk / Hibernating
14379,44,2,348,0,Recent / New Customers
14381,52,1,203,3,At Risk / Hibernating
14382,26,1,626,0,Recent / New Customers
14383,38,3,1248,2,Potential Loyalists
14385,9,3,202,0,Recent / New Customers
14386,297,1,142,3,At Risk / Hibernating
14387,33,3,1771,2,Potential Loyalists
14388,10,8,3213,1,VIP / Champions
14389,65,2,1043,2,Potential Loyalists
14390,10,9,4653,1,VIP / Champions
14393,218,1,68,3,At Risk / Hibernating
14395,2,9,3508,1,VIP / Champions
14396,65,2,488,3,At Risk / Hibernating
14397,3,19,2613,1,VIP / Champions
14400,149,1,575,3,At Risk / Hibernating
14401,4,13,4051,1,VIP / Champions
14403,130,4,1476,2,Potential Loyalists
14404,34,6,1474,2,Potential Loyalists
14406,119,1,157,3,At Risk / Hibernating
14407,107,6,2158,2,Potential Loyalists
14408,11,7,2607,1,VIP / Champions
14409,71,6,2059,2,Potential Loyalists
14410,92,9,1105,2,Potential Loyalists
14411,311,1,1063,3,At Risk / Hibernating
14412,43,2,770,2,Potential Loyalists
14413,362,1,123,3,At Risk / Hibernating
14414,92,7,1497,2,Potential Loyalists
14415,1,13,5900,1,VIP / Champions
14416,22,2,490,0,Recent / New Customers
14418,4,3,1937,0,Recent / New Customers
14419,11,6,1058,2,Potential Loyalists
14420,99,1,388,3,At Risk / Hibernating
14421,57,2,813,2,Potential Loyalists
14422,1,6,4264,1,VIP / Champions
14423,218,1,265,3,At Risk / Hibernating
14424,18,1,322,0,Recent / New Customers
14426,24,10,4482,1,VIP / Champions
14427,50,2,363,0,Recent / New Customers
14428,7,5,1245,0,Recent / New Customers
14431,303,1,470,3,At Risk / Hibernating
14432,10,6,2256,1,VIP / Champions
14434,22,6,1373,2,Potential Loyalists
14436,99,1,89,3,At Risk / Hibernating
14437,366,1,63,3,At Risk / Hibernating
14438,306,1,132,3,At Risk / Hibernating
14439,320,1,2661,2,Potential Loyalists
14440,8,5,2358,1,VIP / Champions
14441,1,4,1713,1,VIP / Champions
14442,205,2,1590,2,Potential Loyalists
14443,54,4,1420,2,Potential Loyalists
14446,1,4,1040,0,Recent / New Customers
14447,19,5,1163,2,Potential Loyalists
14448,9,2,375,0,Recent / New Customers
14449,19,4,907,2,Potential Loyalists
14450,181,3,483,3,At Risk / Hibernating
14451,60,2,663,2,Potential Loyalists
14452,11,2,264,0,Recent / New Customers
14453,190,1,120,3,At Risk / Hibernating
14456,5,9,3062,1,VIP / Champions
14457,311,1,114,3,At Risk / Hibernating
14459,155,1,1838,2,Potential Loyalists
14460,110,3,434,3,At Risk / Hibernating
14461,148,3,2103,2,Potential Loyalists
14462,66,11,2004,2,Potential Loyalists
14463,98,3,530,2,Potential Loyalists
14465,247,3,1059,2,Potential Loyalists
14466,29,7,2272,2,Potential Loyalists
14467,18,4,599,0,Recent / New Customers
14470,12,2,461,0,Recent / New Customers
14472,104,8,1937,2,Potential Loyalists
14473,74,2,234,3,At Risk / Hibernating
14474,46,1,548,0,Recent / New Customers
14475,72,3,926,2,Potential Loyalists
14476,257,1,216,3,At Risk / Hibernating
14477,20,4,1310,2,Potential Loyalists
14479,254,2,316,3,At Risk / Hibernating
14480,11,1,279,0,Recent / New Customers
14481,165,2,637,3,At Risk / Hibernating
14482,18,6,2068,2,Potential Loyalists
14483,282,1,137,3,At Risk / Hibernating
14484,50,1,322,3,At Risk / Hibernating
14485,39,1,166,3,At Risk / Hibernating
14487,27,6,1196,2,Potential Loyalists
14488,68,1,1064,3,At Risk / Hibernating
14489,207,1,463,3,At Risk / Hibernating
14491,175,2,341,3,At Risk / Hibernating
14493,7,5,2383,1,VIP / Champions
14494,26,1,140,0,Recent / New Customers
14495,51,2,124,3,At Risk / Hibernating
14496,312,2,539,3,At Risk / Hibernating
14497,309,1,475,3,At Risk / Hibernating
14498,43,5,1957,2,Potential Loyalists
14499,26,3,815,2,Potential Loyalists
14500,88,3,357,3,At Risk / Hibernating
14501,184,2,251,3,At Risk / Hibernating
14502,20,11,2471,1,VIP / Champions
14503,3,6,3543,1,VIP / Champions
14504,47,4,673,2,Potential Loyalists
14505,17,8,5906,1,VIP / Champions
14506,17,5,2012,2,Potential Loyalists
14507,24,6,1383,2,Potential Loyalists
14508,22,2,276,0,Recent / New Customers
14511,11,5,1315,2,Potential Loyalists
14512,188,2,275,3,At Risk / Hibernating
14513,101,3,456,3,At Risk / Hibernating
14514,61,3,1055,2,Potential Loyalists
14515,18,6,2102,2,Potential Loyalists
14517,33,2,330,0,Recent / New Customers
14518,64,1,174,3,At Risk / Hibernating
14520,2,2,271,0,Recent / New Customers
14522,24,4,975,2,Potential Loyalists
14523,108,1,241,3,At Risk / Hibernating
14524,32,9,1868,2,Potential Loyalists
14525,20,9,4332,1,VIP / Champions
14527,3,55,8509,1,VIP / Champions
14528,37,1,364,0,Recent / New Customers
14529,60,3,620,2,Potential Loyalists
14530,26,6,2926,2,Potential Loyalists
14532,236,4,933,2,Potential Loyalists
14533,25,7,1950,2,Potential Loyalists
14534,3,18,4447,1,VIP / Champions
14535,60,3,2864,2,Potential Loyalists
14536,260,1,172,3,At Risk / Hibernating
14537,58,1,356,3,At Risk / Hibernating
14538,65,2,388,3,At Risk / Hibernating
14539,16,2,537,0,Recent / New Customers
14540,10,3,996,0,Recent / New Customers
14541,59,8,1462,2,Potential Loyalists
14542,186,1,103,3,At Risk / Hibernating
14543,29,16,3630,1,VIP / Champions
14544,24,2,2024,2,Potential Loyalists
14546,5,5,2578,1,VIP / Champions
14547,4,8,4008,1,VIP / Champions
14548,151,2,653,3,At Risk / Hibernating
14549,311,1,289,3,At Risk / Hibernating
14550,11,2,766,0,Recent / New Customers
14551,18,2,186,0,Recent / New Customers
14552,152,1,165,3,At Risk / Hibernating
14553,19,5,859,2,Potential Loyalists
14554,10,4,2381,2,Potential Loyalists
14555,57,2,324,3,At Risk / Hibernating
14557,85,1,788,3,At Risk / Hibernating
14560,7,22,2238,1,VIP / Champions
14561,76,3,1081,2,Potential Loyalists
14562,4,18,5075,1,VIP / Champions
14565,96,4,3099,2,Potential Loyalists
14566,111,1,1432,3,At Risk / Hibernating
14567,57,2,1530,2,Potential Loyalists
14569,1,1,227,0,Recent / New Customers
14570,281,2,218,3,At Risk / Hibernating
14572,3,7,2833,1,VIP / Champions
14573,180,9,1653,2,Potential Loyalists
14576,372,1,35,3,At Risk / Hibernating
14577,13,4,860,0,Recent / New Customers
14578,3,1,169,0,Recent / New Customers
14581,17,1,139,0,Recent / New Customers
14582,41,1,114,3,At Risk / Hibernating
14583,6,5,1053,0,Recent / New Customers
14584,169,4,1042,2,Potential Loyalists
14585,50,1,157,3,At Risk / Hibernating
14586,277,1,237,3,At Risk / Hibernating
14587,19,9,1601,1,VIP / Champions
14589,372,1,40,3,At Risk / Hibernating
14591,15,4,1447,2,Potential Loyalists
14592,35,3,570,0,Recent / New Customers
14593,22,3,618,0,Recent / New Customers
14594,7,2,380,0,Recent / New Customers
14595,20,6,1741,2,Potential Loyalists
14597,11,2,883,0,Recent / New Customers
14598,44,1,222,3,At Risk / Hibernating
14600,306,1,393,3,At Risk / Hibernating
14601,11,1,214,0,Recent / New Customers
14603,275,1,660,3,At Risk / Hibernating
14606,1,93,12157,1,VIP / Champions
14607,16,14,16570,1,VIP / Champions
14608,4,4,1785,1,VIP / Champions
14609,72,4,602,2,Potential Loyalists
14616,243,3,406,3,At Risk / Hibernating
14618,9,3,553,0,Recent / New Customers
14619,246,1,394,3,At Risk / Hibernating
14620,206,2,413,3,At Risk / Hibernating
14621,1,5,1788,1,VIP / Champions
14622,185,1,321,3,At Risk / Hibernating
14623,32,5,889,2,Potential Loyalists
14624,57,2,226,3,At Risk / Hibernating
14625,196,2,900,3,At Risk / Hibernating
14626,24,4,2791,2,Potential Loyalists
14628,91,2,672,3,At Risk / Hibernating
14629,4,2,959,0,Recent / New Customers
14631,51,3,1007,2,Potential Loyalists
14632,263,1,115,3,At Risk / Hibernating
14633,266,1,345,3,At Risk / Hibernating
14636,36,2,610,0,Recent / New Customers
14638,51,1,444,3,At Risk / Hibernating
14639,52,6,2984,2,Potential Loyalists
14640,24,6,2125,2,Potential Loyalists
14641,22,1,110,0,Recent / New Customers
14642,59,1,96,3,At Risk / Hibernating
14643,170,2,694,3,At Risk / Hibernating
14644,68,2,831,2,Potential Loyalists
14645,157,2,597,3,At Risk / Hibernating
14646,2,73,280206,1,VIP / Champions
14647,201,1,243,3,At Risk / Hibernating
14649,5,4,1417,0,Recent / New Customers
14651,67,2,655,2,Potential Loyalists
14652,77,1,114,3,At Risk / Hibernating
14653,1,7,1948,1,VIP / Champions
14655,8,4,1932,2,Potential Loyalists
14656,169,2,291,3,At Risk / Hibernating
14657,18,4,848,2,Potential Loyalists
14658,5,2,247,0,Recent / New Customers
14659,9,9,2530,1,VIP / Champions
14660,87,2,286,3,At Risk / Hibernating
14661,27,1,108,0,Recent / New Customers
14662,29,4,771,2,Potential Loyalists
14664,20,2,638,0,Recent / New Customers
14665,61,5,1836,2,Potential Loyalists
14666,24,1,195,0,Recent / New Customers
14667,11,25,9241,1,VIP / Champions
14669,242,3,1270,2,Potential Loyalists
14670,280,2,412,3,At Risk / Hibernating
14672,235,2,766,3,At Risk / Hibernating
14673,3,5,1736,1,VIP / Champions
14675,16,1,605,0,Recent / New Customers
14676,31,6,2548,2,Potential Loyalists
14680,25,16,28754,1,VIP / Champions
14681,71,3,499,2,Potential Loyalists
14682,188,2,52,3,At Risk / Hibernating
14684,26,5,1236,2,Potential Loyalists
14687,107,1,628,3,At Risk / Hibernating
14688,8,21,5631,1,VIP / Champions
14689,209,1,113,3,At Risk / Hibernating
14690,44,2,372,0,Recent / New Customers
14691,31,5,2114,2,Potential Loyalists
14692,137,4,592,2,Potential Loyalists
14693,265,1,173,3,At Risk / Hibernating
14696,4,7,2079,1,VIP / Champions
14697,218,2,189,3,At Risk / Hibernating
14698,2,5,1251,1,VIP / Champions
14699,214,1,109,3,At Risk / Hibernating
14700,32,3,2235,2,Potential Loyalists
14701,11,9,2549,1,VIP / Champions
14702,1,17,3292,1,VIP / Champions
14703,15,1,318,0,Recent / New Customers
14704,11,9,1547,1,VIP / Champions
14705,199,1,179,3,At Risk / Hibernating
14708,3,3,1126,0,Recent / New Customers
14709,15,13,4921,1,VIP / Champions
14710,14,4,606,0,Recent / New Customers
14711,10,11,2869,1,VIP / Champions
14712,29,3,917,2,Potential Loyalists
14713,9,11,2666,1,VIP / Champions
14714,24,1,160,0,Recent / New Customers
14715,25,4,867,2,Potential Loyalists
14716,43,2,330,0,Recent / New Customers
14719,2,5,1602,1,VIP / Champions
14720,6,3,664,0,Recent / New Customers
14722,147,1,188,3,At Risk / Hibernating
14723,10,6,1158,1,VIP / Champions
14725,25,1,718,0,Recent / New Customers
14727,274,1,269,3,At Risk / Hibernating
14729,374,1,313,3,At Risk / Hibernating
14730,1,8,2005,1,VIP / Champions
14731,47,3,380,0,Recent / New Customers
14732,8,8,2702,1,VIP / Champions
14733,16,12,9586,1,VIP / Champions
14735,4,32,6066,1,VIP / Champions
14737,4,3,1165,0,Recent / New Customers
14738,43,7,1314,2,Potential Loyalists
14739,4,7,3902,1,VIP / Champions
14740,197,3,1448,2,Potential Loyalists
14741,12,6,1400,1,VIP / Champions
14744,16,7,1100,2,Potential Loyalists
14745,113,5,1220,2,Potential Loyalists
14747,249,1,328,3,At Risk / Hibernating
14748,29,5,1416,2,Potential Loyalists
14752,44,1,390,3,At Risk / Hibernating
14753,87,1,563,3,At Risk / Hibernating
14754,45,2,638,0,Recent / New Customers
14755,10,11,5010,1,VIP / Champions
14756,15,1,739,0,Recent / New Customers
14757,75,1,420,3,At Risk / Hibernating
14758,145,4,1484,2,Potential Loyalists
14759,5,3,1626,0,Recent / New Customers
14760,297,1,89,3,At Risk / Hibernating
14761,59,2,256,3,At Risk / Hibernating
14762,264,1,301,3,At Risk / Hibernating
14764,47,1,278,3,At Risk / Hibernating
14765,29,3,254,0,Recent / New Customers
14766,8,6,2473,1,VIP / Champions
14768,17,2,193,0,Recent / New Customers
14769,3,8,10675,1,VIP / Champions
14770,232,2,876,3,At Risk / Hibernating
14772,112,1,139,3,At Risk / Hibernating
14775,58,3,1012,2,Potential Loyalists
14776,51,11,2538,1,VIP / Champions
14778,127,2,731,3,At Risk / Hibernating
14779,281,3,386,3,At Risk / Hibernating
14780,55,2,448,3,At Risk / Hibernating
14782,320,1,200,3,At Risk / Hibernating
14784,26,2,290,0,Recent / New Customers
14785,10,2,77,0,Recent / New Customers
14788,7,2,679,0,Recent / New Customers
14789,29,1,198,0,Recent / New Customers
14790,17,4,745,0,Recent / New Customers
14792,64,1,6,3,At Risk / Hibernating
14793,21,1,229,0,Recent / New Customers
14794,3,7,1320,1,VIP / Champions
14795,166,1,131,3,At Risk / Hibernating
14796,1,17,8022,1,VIP / Champions
14798,53,3,174,3,At Risk / Hibernating
14799,51,1,158,3,At Risk / Hibernating
14800,48,12,4340,1,VIP / Champions
14801,61,1,193,3,At Risk / Hibernating
14803,162,3,846,2,Potential Loyalists
14804,9,1,353,0,Recent / New Customers
14805,15,4,555,0,Recent / New Customers
14806,75,1,193,3,At Risk / Hibernating
14808,40,8,2741,2,Potential Loyalists
14810,41,11,2088,1,VIP / Champions
14813,370,2,155,3,At Risk / Hibernating
14815,37,2,778,0,Recent / New Customers
14816,197,1,272,3,At Risk / Hibernating
14817,200,2,1110,2,Potential Loyalists
14818,74,3,658,2,Potential Loyalists
14819,64,2,272,3,At Risk / Hibernating
14820,21,4,507,0,Recent / New Customers
14821,367,1,49,3,At Risk / Hibernating
14823,180,3,321,3,At Risk / Hibernating
14824,10,4,1128,0,Recent / New Customers
14825,4,12,2227,1,VIP / Champions
14828,197,3,2140,2,Potential Loyalists
14829,29,4,698,2,Potential Loyalists
14830,53,1,197,3,At Risk / Hibernating
14834,18,6,1720,2,Potential Loyalists
14836,10,3,102,0,Recent / New Customers
14837,90,4,1650,2,Potential Loyalists
14840,268,1,63,3,At Risk / Hibernating
14841,53,6,3296,2,Potential Loyalists
14842,44,4,2825,2,Potential Loyalists
14844,64,4,3190,2,Potential Loyalists
14847,149,1,309,3,At Risk / Hibernating
14849,22,25,7931,1,VIP / Champions
14850,312,1,326,3,At Risk / Hibernating
14851,23,2,511,0,Recent / New Customers
14852,58,6,2837,2,Potential Loyalists
14853,24,2,476,0,Recent / New Customers
14854,78,7,2760,2,Potential Loyalists
14855,119,2,646,3,At Risk / Hibernating
14856,36,3,1311,2,Potential Loyalists
14857,60,2,1173,2,Potential Loyalists
14859,13,4,1354,2,Potential Loyalists
14860,19,1,170,0,Recent / New Customers
14861,52,1,126,3,At Risk / Hibernating
14862,26,2,841,0,Recent / New Customers
14863,29,1,267,0,Recent / New Customers
14865,7,2,52,0,Recent / New Customers
14866,11,12,14390,1,VIP / Champions
14867,186,3,710,2,Potential Loyalists
14868,3,8,2954,1,VIP / Champions
14869,9,2,726,0,Recent / New Customers
14870,262,1,327,3,At Risk / Hibernating
14871,3,4,522,0,Recent / New Customers
14873,210,1,520,3,At Risk / Hibernating
14875,108,2,1465,2,Potential Loyalists
14878,13,9,1486,1,VIP / Champions
14880,77,3,706,2,Potential Loyalists
14881,20,1,255,0,Recent / New Customers
14882,27,2,590,0,Recent / New Customers
14883,19,6,762,2,Potential Loyalists
14885,132,1,765,3,At Risk / Hibernating
14886,253,1,365,3,At Risk / Hibernating
14887,79,1,1862,2,Potential Loyalists
14888,207,1,369,3,At Risk / Hibernating
14889,336,1,136,3,At Risk / Hibernating
14890,254,1,126,3,At Risk / Hibernating
14891,148,2,554,3,At Risk / Hibernating
14893,10,2,1238,0,Recent / New Customers
14894,85,1,656,3,At Risk / Hibernating
14895,8,20,11139,1,VIP / Champions
14896,205,2,469,3,At Risk / Hibernating
14897,8,4,1366,0,Recent / New Customers
14898,23,6,1304,2,Potential Loyalists
14901,11,9,1421,1,VIP / Champions
14902,26,1,333,0,Recent / New Customers
14903,21,5,2811,2,Potential Loyalists
14904,2,2,1025,0,Recent / New Customers
14905,158,2,616,3,At Risk / Hibernating
14907,3,7,3501,1,VIP / Champions
14908,74,1,278,3,At Risk / Hibernating
14910,3,4,434,0,Recent / New Customers
14911,1,201,143825,1,VIP / Champions
14912,17,2,868,0,Recent / New Customers
14913,36,4,1227,2,Potential Loyalists
14915,91,2,307,3,At Risk / Hibernating
14916,71,4,1269,2,Potential Loyalists
14918,116,2,1610,2,Potential Loyalists
14920,213,2,978,3,At Risk / Hibernating
14921,30,2,1316,2,Potential Loyalists
14923,51,1,749,3,At Risk / Hibernating
14924,246,1,310,3,At Risk / Hibernating
14929,32,1,224,0,Recent / New Customers
14930,109,3,2373,2,Potential Loyalists
14931,5,5,1258,1,VIP / Champions
14932,366,1,364,3,At Risk / Hibernating
14934,82,2,1891,2,Potential Loyalists
14935,297,1,1785,3,At Risk / Hibernating
14936,34,8,8137,1,VIP / Champions
14937,57,3,1622,2,Potential Loyalists
14944,30,12,5900,1,VIP / Champions
14946,14,1,101,0,Recent / New Customers
14947,72,2,291,3,At Risk / Hibernating
14948,23,6,1102,2,Potential Loyalists
14950,19,1,371,0,Recent / New Customers
14951,79,1,312,3,At Risk / Hibernating
14952,60,11,8099,1,VIP / Champions
14953,25,1,290,0,Recent / New Customers
14954,12,1,336,0,Recent / New Customers
14957,253,1,58,3,At Risk / Hibernating
14958,147,3,500,3,At Risk / Hibernating
14959,64,4,695,2,Potential Loyalists
14960,8,2,221,0,Recent / New Customers
14961,11,9,7045,1,VIP / Champions
14962,271,1,127,3,At Risk / Hibernating
14963,10,5,1488,2,Potential Loyalists
14964,247,1,206,3,At Risk / Hibernating
14965,96,2,599,3,At Risk / Hibernating
14966,15,1,191,0,Recent / New Customers
14967,50,1,464,3,At Risk / Hibernating
14968,30,1,148,0,Recent / New Customers
14970,68,4,1592,2,Potential Loyalists
14971,35,3,1117,2,Potential Loyalists
14972,128,1,115,3,At Risk / Hibernating
14973,107,3,1314,2,Potential Loyalists
14974,37,1,114,3,At Risk / Hibernating
14975,57,1,280,3,At Risk / Hibernating
14976,57,7,791,2,Potential Loyalists
14978,72,5,1931,2,Potential Loyalists
14981,246,1,102,3,At Risk / Hibernating
14984,19,2,213,0,Recent / New Customers
14985,198,2,297,3,At Risk / Hibernating
14987,16,2,326,0,Recent / New Customers
14988,212,1,335,3,At Risk / Hibernating
14995,39,2,233,0,Recent / New Customers
14997,46,3,546,2,Potential Loyalists
14998,170,2,430,3,At Risk / Hibernating
15000,48,1,491,3,At Risk / Hibernating
15002,116,4,1642,2,Potential Loyalists
15004,147,1,1246,3,At Risk / Hibernating
15005,16,28,6317,1,VIP / Champions
15006,51,1,502,3,At Risk / Hibernating
15007,159,1,157,3,At Risk / Hibernating
15009,12,3,1262,0,Recent / New Customers
15010,36,1,309,0,Recent / New Customers
15012,54,2,423,3,At Risk / Hibernating
15014,43,2,260,0,Recent / New Customers
15016,173,1,170,3,At Risk / Hibernating
15017,34,1,126,3,At Risk / Hibernating
15018,39,3,496,0,Recent / New Customers
15019,267,1,266,3,At Risk / Hibernating
15021,9,9,1915,1,VIP / Champions
15022,12,4,905,0,Recent / New Customers
15023,3,11,6803,1,VIP / Champions
15024,10,10,1661,1,VIP / Champions
15025,33,1,377,0,Recent / New Customers
15026,80,3,469,2,Potential Loyalists
15027,31,4,1066,2,Potential Loyalists
15028,8,4,627,0,Recent / New Customers
15030,72,2,518,3,At Risk / Hibernating
15031,4,4,668,0,Recent / New Customers
15032,256,3,4959,2,Potential Loyalists
15033,5,10,2587,1,VIP / Champions
15034,16,8,4309,1,VIP / Champions
15035,90,1,253,3,At Risk / Hibernating
15036,72,3,466,2,Potential Loyalists
15038,59,6,705,2,Potential Loyalists
15039,10,47,19914,1,VIP / Champions
15041,170,1,180,3,At Risk / Hibernating
15042,199,1,136,3,At Risk / Hibernating
15043,31,1,537,0,Recent / New Customers
15044,19,17,7700,1,VIP / Champions
15045,152,2,736,3,At Risk / Hibernating
15046,9,15,5214,1,VIP / Champions
15047,270,1,344,3,At Risk / Hibernating
15048,65,4,384,2,Potential Loyalists
15049,274,1,121,3,At Risk / Hibernating
15050,25,3,1782,2,Potential Loyalists
15051,23,3,1392,2,Potential Loyalists
15052,319,1,216,3,At Risk / Hibernating
15053,5,3,698,0,Recent / New Customers
15054,12,2,302,0,Recent / New Customers
15057,275,2,1490,2,Potential Loyalists
15058,25,11,2125,1,VIP / Champions
15059,41,9,1338,2,Potential Loyalists
15060,8,4,303,0,Recent / New Customers
15061,4,48,54534,1,VIP / Champions
15062,71,4,988,2,Potential Loyalists
15063,213,1,371,3,At Risk / Hibernating
15065,38,4,3158,2,Potential Loyalists
15066,53,1,894,3,At Risk / Hibernating
15067,78,3,1745,2,Potential Loyalists
15068,46,2,553,0,Recent / New Customers
15069,179,1,1110,3,At Risk / Hibernating
15070,373,1,106,3,At Risk / Hibernating
15071,94,2,982,2,Potential Loyalists
15073,10,3,1043,0,Recent / New Customers
15074,105,1,749,3,At Risk / Hibernating
15075,78,1,773,3,At Risk / Hibernating
15076,173,1,881,3,At Risk / Hibernating
15078,7,32,9743,1,VIP / Champions
15079,213,4,896,2,Potential Loyalists
15081,22,5,505,0,Recent / New Customers
15083,257,1,88,3,At Risk / Hibernating
15087,282,1,307,3,At Risk / Hibernating
15088,21,2,1160,0,Recent / New Customers
15089,10,6,2421,1,VIP / Champions
15090,308,1,381,3,At Risk / Hibernating
15091,68,1,481,3,At Risk / Hibernating
15092,215,2,458,3,At Risk / Hibernating
15093,18,6,4597,1,VIP / Champions
15095,104,4,1371,2,Potential Loyalists
15096,43,1,219,3,At Risk / Hibernating
15097,4,1,248,0,Recent / New Customers
15098,182,3,39916,2,Potential Loyalists
15099,84,1,410,3,At Risk / Hibernating
15100,334,3,876,3,At Risk / Hibernating
15101,9,2,318,0,Recent / New Customers
15103,31,2,703,0,Recent / New Customers
15104,197,2,1027,3,At Risk / Hibernating
15105,18,7,2299,1,VIP / Champions
15106,18,5,1423,2,Potential Loyalists
15107,311,6,320,3,At Risk / Hibernating
15108,142,4,1300,2,Potential Loyalists
15109,246,1,485,3,At Risk / Hibernating
15110,24,4,996,2,Potential Loyalists
15111,29,3,1567,2,Potential Loyalists
15113,10,3,3609,2,Potential Loyalists
15114,30,10,2761,1,VIP / Champions
15115,18,1,340,0,Recent / New Customers
15116,18,4,1353,2,Potential Loyalists
15117,15,5,1552,2,Potential Loyalists
15118,134,1,245,3,At Risk / Hibernating
15119,246,1,266,3,At Risk / Hibernating
15120,134,1,359,3,At Risk / Hibernating
15121,50,2,458,0,Recent / New Customers
15122,114,3,1634,2,Potential Loyalists
15123,7,2,2199,0,Recent / New Customers
15124,23,2,184,0,Recent / New Customers
15125,25,15,11528,1,VIP / Champions
15127,66,1,407,3,At Risk / Hibernating
15128,60,4,1471,2,Potential Loyalists
15129,50,11,3447,1,VIP / Champions
15130,170,1,330,3,At Risk / Hibernating
15132,18,5,978,2,Potential Loyalists
15133,128,3,982,2,Potential Loyalists
15134,15,8,1388,1,VIP / Champions
15135,239,1,139,3,At Risk / Hibernating
15136,3,4,1287,0,Recent / New Customers
15139,240,2,179,3,At Risk / Hibernating
15140,52,7,2354,2,Potential Loyalists
15142,46,1,499,3,At Risk / Hibernating
15143,226,1,259,3,At Risk / Hibernating
15144,8,17,6580,1,VIP / Champions
15145,4,4,1195,0,Recent / New Customers
15146,165,2,1327,2,Potential Loyalists
15147,240,1,624,3,At Risk / Hibernating
15148,11,1,301,0,Recent / New Customers
15149,134,1,521,3,At Risk / Hibernating
15150,17,10,5314,1,VIP / Champions
15152,10,13,4746,1,VIP / Champions
15153,31,1,329,0,Recent / New Customers
15154,75,1,296,3,At Risk / Hibernating
15156,1,3,961,0,Recent / New Customers
15157,4,3,1936,0,Recent / New Customers
15158,45,1,401,3,At Risk / Hibernating
15159,2,30,18641,1,VIP / Champions
15160,357,1,158,3,At Risk / Hibernating
15163,18,2,304,0,Recent / New Customers
15164,69,3,843,2,Potential Loyalists
15165,373,1,488,3,At Risk / Hibernating
15167,321,1,163,3,At Risk / Hibernating
15168,26,1,107,0,Recent / New Customers
15171,331,1,1290,3,At Risk / Hibernating
15172,9,5,1624,1,VIP / Champions
15174,323,1,136,3,At Risk / Hibernating
15175,72,1,224,3,At Risk / Hibernating
15178,260,1,40,3,At Risk / Hibernating
15179,18,5,2207,2,Potential Loyalists
15180,367,1,88,3,At Risk / Hibernating
15181,66,3,689,2,Potential Loyalists
15182,154,2,623,3,At Risk / Hibernating
15184,29,2,407,0,Recent / New Customers
15185,70,1,311,3,At Risk / Hibernating
15186,14,2,411,0,Recent / New Customers
15187,2,16,4777,1,VIP / Champions
15189,1,41,16225,1,VIP / Champions
15192,120,3,1044,2,Potential Loyalists
15193,61,1,499,3,At Risk / Hibernating
15194,3,15,7617,1,VIP / Champions
15195,3,1,3861,0,Recent / New Customers
15197,11,3,1080,0,Recent / New Customers
15198,92,2,194,3,At Risk / Hibernating
15199,59,4,1269,2,Potential Loyalists
15201,87,5,1237,2,Potential Loyalists
15203,26,6,1828,2,Potential Loyalists
15204,357,1,317,3,At Risk / Hibernating
15205,85,2,653,3,At Risk / Hibernating
15206,10,4,420,0,Recent / New Customers
15208,1,5,870,0,Recent / New Customers
15210,225,1,331,3,At Risk / Hibernating
15211,60,2,894,2,Potential Loyalists
15212,241,1,102,3,At Risk / Hibernating
15213,319,2,328,3,At Risk / Hibernating
15214,2,8,1661,1,VIP / Champions
15215,47,3,735,2,Potential Loyalists
15216,88,1,97,3,At Risk / Hibernating
15218,11,11,5757,1,VIP / Champions
15219,176,1,306,3,At Risk / Hibernating
15220,52,6,1779,2,Potential Loyalists
15221,366,1,403,3,At Risk / Hibernating
15222,319,1,585,3,At Risk / Hibernating
15223,226,2,756,3,At Risk / Hibernating
15224,358,2,322,3,At Risk / Hibernating
15225,234,1,409,3,At Risk / Hibernating
15226,311,1,154,3,At Risk / Hibernating
15227,37,5,1219,2,Potential Loyalists
15228,66,4,3387,2,Potential Loyalists
15230,239,2,430,3,At Risk / Hibernating
15232,113,2,612,3,At Risk / Hibernating
15234,277,1,197,3,At Risk / Hibernating
15235,218,12,2248,2,Potential Loyalists
15236,299,1,321,3,At Risk / Hibernating
15237,2,4,1412,0,Recent / New Customers
15238,29,3,1072,2,Potential Loyalists
15239,10,2,781,0,Recent / New Customers
15240,45,5,1707,2,Potential Loyalists
15241,67,8,1756,2,Potential Loyalists
15243,74,1,317,3,At Risk / Hibernating
15244,65,2,632,2,Potential Loyalists
15245,134,3,2516,2,Potential Loyalists
15246,238,2,514,3,At Risk / Hibernating
15247,122,1,356,3,At Risk / Hibernating
15249,32,13,6688,1,VIP / Champions
15251,9,11,10485,1,VIP / Champions
15252,36,2,741,0,Recent / New Customers
15253,16,5,918,2,Potential Loyalists
15254,127,1,300,3,At Risk / Hibernating
15255,67,1,891,3,At Risk / Hibernating
15256,149,1,98,3,At Risk / Hibernating
15257,283,1,317,3,At Risk / Hibernating
15258,169,2,623,3,At Risk / Hibernating
15260,100,7,1811,2,Potential Loyalists
15261,135,1,255,3,At Risk / Hibernating
15262,324,1,179,3,At Risk / Hibernating
15263,107,1,157,3,At Risk / Hibernating
15264,64,1,394,3,At Risk / Hibernating
15265,151,2,1506,2,Potential Loyalists
15266,338,1,119,3,At Risk / Hibernating
15267,22,5,1717,2,Potential Loyalists
15269,24,1,409,0,Recent / New Customers
15270,16,7,2379,1,VIP / Champions
15271,7,15,2507,1,VIP / Champions
15272,57,2,722,2,Potential Loyalists
15274,4,2,717,0,Recent / New Customers
15275,38,1,615,0,Recent / New Customers
15276,66,1,135,3,At Risk / Hibernating
15277,47,1,256,3,At Risk / Hibernating
15279,355,1,291,3,At Risk / Hibernating
15280,172,1,113,3,At Risk / Hibernating
15281,59,9,2332,2,Potential Loyalists
15286,50,1,241,3,At Risk / Hibernating
15287,22,2,487,0,Recent / New Customers
15288,43,5,2307,2,Potential Loyalists
15289,29,3,940,2,Potential Loyalists
15290,5,18,7943,1,VIP / Champions
15291,26,15,4668,1,VIP / Champions
15292,201,1,181,3,At Risk / Hibernating
15296,51,6,3673,2,Potential Loyalists
15297,10,3,642,0,Recent / New Customers
15298,2,12,4800,1,VIP / Champions
15299,67,7,4507,2,Potential Loyalists
15300,64,1,496,3,At Risk / Hibernating
15301,51,12,5070,1,VIP / Champions
15303,290,1,574,3,At Risk / Hibernating
15304,61,8,694,2,Potential Loyalists
15306,64,3,1174,2,Potential Loyalists
15307,96,1,205,3,At Risk / Hibernating
15308,274,1,310,3,At Risk / Hibernating
15311,1,91,60768,1,VIP / Champions
15312,75,4,925,2,Potential Loyalists
15313,110,1,52,3,At Risk / Hibernating
15314,199,1,328,3,At Risk / Hibernating
15315,64,2,570,3,At Risk / Hibernating
15316,327,1,165,3,At Risk / Hibernating
15318,4,1,313,0,Recent / New Customers
15319,284,1,204,3,At Risk / Hibernating
15320,44,1,267,3,At Risk / Hibernating
15321,71,3,2748,2,Potential Loyalists
15322,86,1,680,3,At Risk / Hibernating
15325,104,1,162,3,At Risk / Hibernating
15326,334,1,312,3,At Risk / Hibernating
15327,53,1,209,3,At Risk / Hibernating
15329,39,3,1050,2,Potential Loyalists
15330,32,2,715,0,Recent / New Customers
15332,366,4,1661,2,Potential Loyalists
15333,208,1,1029,3,At Risk / Hibernating
15334,157,3,352,3,At Risk / Hibernating
15335,54,1,174,3,At Risk / Hibernating
15339,66,2,574,3,At Risk / Hibernating
15341,81,1,2021,2,Potential Loyalists
15342,130,1,406,3,At Risk / Hibernating
15343,87,1,364,3,At Risk / Hibernating
15344,1,3,564,0,Recent / New Customers
15345,46,1,394,3,At Risk / Hibernating
15346,333,1,252,3,At Risk / Hibernating
15347,366,1,202,3,At Risk / Hibernating
15348,72,1,158,3,At Risk / Hibernating
15349,158,2,474,3,At Risk / Hibernating
15350,373,1,116,3,At Risk / Hibernating
15351,12,7,1960,1,VIP / Champions
15353,255,2,777,3,At Risk / Hibernating
15355,29,2,277,0,Recent / New Customers
15356,31,10,2766,1,VIP / Champions
15358,5,22,8347,1,VIP / Champions
15360,40,1,428,0,Recent / New Customers
15361,362,1,419,3,At Risk / Hibernating
15363,373,1,326,3,At Risk / Hibernating
15364,96,2,913,2,Potential Loyalists
15365,26,7,2314,2,Potential Loyalists
15366,75,2,603,3,At Risk / Hibernating
15367,57,4,1878,2,Potential Loyalists
15368,21,1,447,0,Recent / New Customers
15370,41,7,2386,2,Potential Loyalists
15372,137,1,2007,2,Potential Loyalists
15373,8,12,2416,1,VIP / Champions
15374,129,1,168,3,At Risk / Hibernating
15376,40,3,1233,2,Potential Loyalists
15379,169,7,3703,2,Potential Loyalists
15380,9,5,1690,1,VIP / Champions
15381,214,2,597,3,At Risk / Hibernating
15382,15,6,5956,1,VIP / Champions
15384,170,2,642,3,At Risk / Hibernating
15385,40,1,317,0,Recent / New Customers
15386,186,1,394,3,At Risk / Hibernating
15388,270,1,141,3,At Risk / Hibernating
15389,172,1,500,3,At Risk / Hibernating
15392,5,4,1536,0,Recent / New Customers
15393,16,2,232,0,Recent / New Customers
15394,10,4,2184,2,Potential Loyalists
15395,326,1,107,3,At Risk / Hibernating
15396,113,1,288,3,At Risk / Hibernating
15397,290,1,94,3,At Risk / Hibernating
15398,16,2,1346,0,Recent / New Customers
15399,1,3,816,0,Recent / New Customers
15400,92,5,716,2,Potential Loyalists
15402,149,2,627,3,At Risk / Hibernating
15405,189,1,349,3,At Risk / Hibernating
15406,31,2,511,0,Recent / New Customers
15407,34,4,1056,2,Potential Loyalists
15408,264,1,267,3,At Risk / Hibernating
15410,84,8,3451,2,Potential Loyalists
15411,26,4,1359,2,Potential Loyalists
15412,171,1,191,3,At Risk / Hibernating
15414,10,3,775,0,Recent / New Customers
15415,313,1,573,3,At Risk / Hibernating
15416,65,4,3984,2,Potential Loyalists
15417,85,1,509,3,At Risk / Hibernating
15419,25,1,136,0,Recent / New Customers
15421,59,4,950,2,Potential Loyalists
15422,323,2,98,3,At Risk / Hibernating
15423,38,1,44,3,At Risk / Hibernating
15424,254,2,383,3,At Risk / Hibernating
15426,19,5,1447,2,Potential Loyalists
15427,33,3,1483,2,Potential Loyalists
15428,15,1,94,0,Recent / New Customers
15429,27,2,397,0,Recent / New Customers
15432,23,1,171,0,Recent / New Customers
15433,214,2,533,3,At Risk / Hibernating
15434,8,5,1041,0,Recent / New Customers
15435,22,1,149,0,Recent / New Customers
15436,12,3,1123,0,Recent / New Customers
15437,262,1,200,3,At Risk / Hibernating
15438,131,1,157,3,At Risk / Hibernating
15440,55,3,384,2,Potential Loyalists
15442,249,1,594,3,At Risk / Hibernating
15443,2,7,3237,1,VIP / Champions
15444,9,2,1418,0,Recent / New Customers
15445,264,1,114,3,At Risk / Hibernating
15447,331,1,155,3,At Risk / Hibernating
15448,313,1,495,3,At Risk / Hibernating
15449,26,3,975,2,Potential Loyalists
15450,30,1,430,0,Recent / New Customers
15452,30,3,539,0,Recent / New Customers
15453,2,7,1388,1,VIP / Champions
15454,362,1,179,3,At Risk / Hibernating
15456,283,3,447,3,At Risk / Hibernating
15457,262,1,237,3,At Risk / Hibernating
15458,25,1,162,0,Recent / New Customers
15460,354,1,217,3,At Risk / Hibernating
15462,94,3,235,3,At Risk / Hibernating
15463,29,1,126,0,Recent / New Customers
15464,338,1,1049,3,At Risk / Hibernating
15465,20,18,7355,1,VIP / Champions
15466,85,1,335,3,At Risk / Hibernating
15467,9,3,525,0,Recent / New Customers
15468,51,2,468,0,Recent / New Customers
15469,50,2,539,0,Recent / New Customers
15471,2,1,469,0,Recent / New Customers
15472,113,1,372,3,At Risk / Hibernating
15473,14,7,1771,1,VIP / Champions
15475,77,1,454,3,At Risk / Hibernating
15478,40,2,1441,2,Potential Loyalists
15480,116,1,906,3,At Risk / Hibernating
15482,16,12,11055,1,VIP / Champions
15483,161,4,234,3,At Risk / Hibernating
15484,1,4,3594,1,VIP / Champions
15485,30,3,2575,2,Potential Loyalists
15488,93,1,91,3,At Risk / Hibernating
15489,23,3,1134,2,Potential Loyalists
15491,95,6,3100,2,Potential Loyalists
15492,28,2,659,0,Recent / New Customers
15493,33,5,2002,2,Potential Loyalists
15494,21,2,1299,0,Recent / New Customers
15497,18,2,1262,0,Recent / New Customers
15498,3,27,13316,1,VIP / Champions
15500,8,4,1132,0,Recent / New Customers
15502,16,12,10385,1,VIP / Champions
15503,363,1,147,3,At Risk / Hibernating
15504,81,1,53,3,At Risk / Hibernating
15505,53,5,3611,2,Potential Loyalists
15506,23,3,979,2,Potential Loyalists
15507,172,1,492,3,At Risk / Hibernating
15508,189,6,1000,2,Potential Loyalists
15510,331,1,250,3,At Risk / Hibernating
15511,12,5,909,0,Recent / New Customers
15512,156,2,121,3,At Risk / Hibernating
15513,33,19,14758,1,VIP / Champions
15514,12,11,4139,1,VIP / Champions
15516,45,3,62,3,At Risk / Hibernating
15517,233,1,267,3,At Risk / Hibernating
15518,64,8,1942,2,Potential Loyalists
15520,2,1,344,0,Recent / New Customers
15521,40,8,3000,2,Potential Loyalists
15522,33,2,399,0,Recent / New Customers
15523,84,1,412,3,At Risk / Hibernating
15524,25,1,440,0,Recent / New Customers
15525,2,3,826,0,Recent / New Customers
15526,33,2,148,0,Recent / New Customers
15527,19,8,2430,1,VIP / Champions
15528,254,1,229,3,At Risk / Hibernating
15529,23,11,3995,1,VIP / Champions
15530,22,4,1502,2,Potential Loyalists
15531,8,2,2007,0,Recent / New Customers
15532,25,4,1581,2,Potential Loyalists
15533,19,3,808,0,Recent / New Customers
15535,173,4,536,2,Potential Loyalists
15537,163,1,111,3,At Risk / Hibernating
15539,7,1,538,0,Recent / New Customers
15540,11,1,213,0,Recent / New Customers
15541,114,1,85,3,At Risk / Hibernating
15543,288,1,128,3,At Risk / Hibernating
15544,9,9,3547,1,VIP / Champions
15545,54,2,293,3,At Risk / Hibernating
15547,7,14,4955,1,VIP / Champions
15549,77,3,1693,2,Potential Loyalists
15550,4,4,576,0,Recent / New Customers
15551,37,1,436,0,Recent / New Customers
15552,217,1,90,3,At Risk / Hibernating
15553,60,1,437,3,At Risk / Hibernating
15554,278,1,217,3,At Risk / Hibernating
15555,12,16,4805,1,VIP / Champions
15556,24,1,280,0,Recent / New Customers
15557,29,1,474,0,Recent / New Customers
15561,12,4,801,0,Recent / New Customers
15562,352,1,135,3,At Risk / Hibernating
15563,22,4,1400,2,Potential Loyalists
15565,50,2,173,3,At Risk / Hibernating
15567,19,1,186,0,Recent / New Customers
15568,3,3,758,0,Recent / New Customers
15569,104,5,1376,2,Potential Loyalists
15570,7,12,4166,1,VIP / Champions
15571,12,4,650,0,Recent / New Customers
15572,5,7,2553,1,VIP / Champions
15573,32,2,607,0,Recent / New Customers
15574,178,4,702,2,Potential Loyalists
15576,38,1,941,0,Recent / New Customers
15577,151,3,259,3,At Risk / Hibernating
15578,162,1,127,3,At Risk / Hibernating
15579,69,2,349,3,At Risk / Hibernating
15581,121,13,3680,2,Potential Loyalists
15582,25,3,683,0,Recent / New Customers
15584,24,4,725,2,Potential Loyalists
15585,177,1,455,3,At Risk / Hibernating
15587,50,4,914,2,Potential Loyalists
15589,256,3,479,3,At Risk / Hibernating
15592,47,1,389,3,At Risk / Hibernating
15593,71,1,200,3,At Risk / Hibernating
15594,16,5,1772,2,Potential Loyalists
15596,101,5,1407,2,Potential Loyalists
15597,35,1,325,0,Recent / New Customers
15598,53,1,241,3,At Risk / Hibernating
15599,27,2,762,0,Recent / New Customers
15601,11,14,6777,1,VIP / Champions
15602,8,9,1298,1,VIP / Champions
15603,79,1,48,3,At Risk / Hibernating
15604,52,1,216,3,At Risk / Hibernating
15605,36,5,1198,2,Potential Loyalists
15606,61,9,2920,2,Potential Loyalists
15607,337,1,105,3,At Risk / Hibernating
15608,28,4,1094,2,Potential Loyalists
15609,184,1,298,3,At Risk / Hibernating
15610,52,1,112,3,At Risk / Hibernating
15611,10,13,1591,1,VIP / Champions
15612,36,2,195,0,Recent / New Customers
15615,10,23,10400,1,VIP / Champions
15618,33,4,777,2,Potential Loyalists
15619,11,1,336,0,Recent / New Customers
15620,57,3,1553,2,Potential Loyalists
15621,4,4,1293,0,Recent / New Customers
15622,43,9,3710,1,VIP / Champions
15623,141,1,301,3,At Risk / Hibernating
15624,117,4,588,2,Potential Loyalists
15625,104,4,1534,2,Potential Loyalists
15626,75,2,676,2,Potential Loyalists
15628,5,9,2870,1,VIP / Champions
15630,45,2,1186,2,Potential Loyalists
15632,16,8,3285,1,VIP / Champions
15634,17,1,244,0,Recent / New Customers
15636,90,2,725,2,Potential Loyalists
15637,53,1,223,3,At Risk / Hibernating
15639,134,1,425,3,At Risk / Hibernating
15640,4,15,12516,1,VIP / Champions
15641,105,4,1887,2,Potential Loyalists
15643,192,3,664,3,At Risk / Hibernating
15644,166,4,813,2,Potential Loyalists
15645,19,1,612,0,Recent / New Customers
15646,158,3,448,3,At Risk / Hibernating
15648,204,2,657,3,At Risk / Hibernating
15649,336,2,816,3,At Risk / Hibernating
15651,37,3,646,2,Potential Loyalists
15652,91,1,338,3,At Risk / Hibernating
15653,93,2,877,2,Potential Loyalists
15654,9,2,923,0,Recent / New Customers
15655,243,1,561,3,At Risk / Hibernating
15656,45,4,748,2,Potential Loyalists
15657,23,1,30,3,At Risk / Hibernating
15658,190,5,1024,2,Potential Loyalists
15659,44,1,306,3,At Risk / Hibernating
15660,25,9,1601,1,VIP / Champions
15661,317,2,310,3,At Risk / Hibernating
15663,106,1,138,3,At Risk / Hibernating
15664,51,1,386,3,At Risk / Hibernating
15665,168,2,2242,2,Potential Loyalists
15667,40,1,301,3,At Risk / Hibernating
15668,218,1,76,3,At Risk / Hibernating
15669,40,4,684,2,Potential Loyalists
15670,297,1,173,3,At Risk / Hibernating
15671,19,7,2657,1,VIP / Champions
15673,88,4,2881,2,Potential Loyalists
15674,73,5,2447,2,Potential Loyalists
15675,81,3,324,3,At Risk / Hibernating
15676,19,3,3436,2,Potential Loyalists
15677,49,1,657,3,At Risk / Hibernating
15678,53,1,353,3,At Risk / Hibernating
15679,24,4,781,2,Potential Loyalists
15680,9,3,1334,0,Recent / New Customers
15681,25,5,1426,2,Potential Loyalists
15683,117,1,194,3,At Risk / Hibernating
15687,9,9,2993,1,VIP / Champions
15689,120,2,254,3,At Risk / Hibernating
15690,4,2,240,0,Recent / New Customers
15691,252,1,137,3,At Risk / Hibernating
15692,28,1,191,0,Recent / New Customers
15694,1,14,6479,1,VIP / Champions
15695,267,2,410,3,At Risk / Hibernating
15696,33,8,2736,2,Potential Loyalists
15699,18,1,310,0,Recent / New Customers
15700,172,2,697,3,At Risk / Hibernating
15701,2,4,1542,1,VIP / Champions
15703,265,1,212,3,At Risk / Hibernating
15704,140,4,2294,2,Potential Loyalists
15705,201,1,143,3,At Risk / Hibernating
15706,64,4,1061,2,Potential Loyalists
15707,35,4,946,2,Potential Loyalists
15708,41,7,3364,2,Potential Loyalists
15709,284,1,133,3,At Risk / Hibernating
15712,9,5,1072,0,Recent / New Customers
15713,143,2,357,3,At Risk / Hibernating
15714,12,2,331,0,Recent / New Customers
15716,146,4,1119,2,Potential Loyalists
15717,234,1,150,3,At Risk / Hibernating
15719,33,13,5046,1,VIP / Champions
15720,24,1,599,0,Recent / New Customers
15721,12,1,507,0,Recent / New Customers
15722,36,5,2223,2,Potential Loyalists
15723,365,1,203,3,At Risk / Hibernating
15724,201,2,218,3,At Risk / Hibernating
15725,15,1,415,0,Recent / New Customers
15727,17,7,5179,1,VIP / Champions
15729,213,1,85,3,At Risk / Hibernating
15730,66,3,1121,2,Potential Loyalists
15732,212,2,294,3,At Risk / Hibernating
15733,283,1,162,3,At Risk / Hibernating
15734,115,2,1339,2,Potential Loyalists
15737,15,8,1205,1,VIP / Champions
15738,19,16,4812,1,VIP / Champions
15739,66,1,449,3,At Risk / Hibernating
15740,49,1,155,3,At Risk / Hibernating
15743,16,4,784,0,Recent / New Customers
15744,78,1,35,3,At Risk / Hibernating
15745,19,4,1095,2,Potential Loyalists
15746,134,1,197,3,At Risk / Hibernating
15747,13,3,974,0,Recent / New Customers
15748,40,1,149,3,At Risk / Hibernating
15749,235,3,44534,2,Potential Loyalists
15750,3,8,2465,1,VIP / Champions
15752,40,7,2637,2,Potential Loyalists
15753,305,1,79,3,At Risk / Hibernating
15754,51,3,459,2,Potential Loyalists
15755,10,6,2364,1,VIP / Champions
15756,61,4,533,2,Potential Loyalists
15757,66,2,714,2,Potential Loyalists
15758,25,1,205,0,Recent / New Customers
15759,218,3,253,3,At Risk / Hibernating
15762,65,2,584,3,At Risk / Hibernating
15763,32,2,1087,2,Potential Loyalists
15764,88,6,3280,2,Potential Loyalists
15766,64,1,315,3,At Risk / Hibernating
15768,116,3,622,2,Potential Loyalists
15769,7,26,56253,1,VIP / Champions
15773,6,1,636,0,Recent / New Customers
15774,69,1,271,3,At Risk / Hibernating
15775,245,1,105,3,At Risk / Hibernating
15776,133,1,242,3,At Risk / Hibernating
15777,241,4,1047,2,Potential Loyalists
15780,184,3,475,3,At Risk / Hibernating
15781,25,3,345,0,Recent / New Customers
15782,10,3,2615,2,Potential Loyalists
15783,11,1,246,0,Recent / New Customers
15785,33,5,2329,2,Potential Loyalists
15786,46,3,4932,2,Potential Loyalists
15787,26,3,948,2,Potential Loyalists
15789,358,1,351,3,At Risk / Hibernating
15790,10,1,221,0,Recent / New Customers
15791,44,2,1613,2,Potential Loyalists
15793,15,3,966,0,Recent / New Customers
15795,150,1,610,3,At Risk / Hibernating
15796,1,8,2712,1,VIP / Champions
15797,113,4,2207,2,Potential Loyalists
15799,76,3,884,2,Potential Loyalists
15800,107,2,699,3,At Risk / Hibernating
15801,46,3,1064,2,Potential Loyalists
15802,143,1,451,3,At Risk / Hibernating
15803,51,1,416,3,At Risk / Hibernating
15804,1,13,4206,1,VIP / Champions
15805,23,17,5528,1,VIP / Champions
15806,46,3,785,2,Potential Loyalists
15807,50,3,904,2,Potential Loyalists
15808,306,4,3735,2,Potential Loyalists
15809,36,5,516,2,Potential Loyalists
15810,79,4,1392,2,Potential Loyalists
15811,22,6,2219,2,Potential Loyalists
15812,107,5,1801,2,Potential Loyalists
15813,208,2,1304,2,Potential Loyalists
15814,17,4,1945,2,Potential Loyalists
15815,64,5,2101,2,Potential Loyalists
15819,49,4,1905,2,Potential Loyalists
15820,320,1,207,3,At Risk / Hibernating
15821,44,2,571,0,Recent / New Customers
15822,3,2,885,0,Recent / New Customers
15823,372,1,15,3,At Risk / Hibernating
15825,172,1,533,3,At Risk / Hibernating
15826,56,3,1654,2,Potential Loyalists
15827,73,14,1836,2,Potential Loyalists
15829,99,2,636,3,At Risk / Hibernating
15830,38,1,576,0,Recent / New Customers
15831,58,3,802,2,Potential Loyalists
15832,254,1,837,3,At Risk / Hibernating
15834,70,4,2234,2,Potential Loyalists
15835,44,4,954,2,Potential Loyalists
15836,50,1,137,3,At Risk / Hibernating
15837,65,1,392,3,At Risk / Hibernating
15838,11,19,33643,1,VIP / Champions
15839,33,3,1048,2,Potential Loyalists
15840,59,2,356,3,At Risk / Hibernating
15841,73,4,1224,2,Potential Loyalists
15843,304,1,119,3,At Risk / Hibernating
15844,46,1,131,3,At Risk / Hibernating
15845,18,8,3712,1,VIP / Champions
15847,38,2,389,0,Recent / New Customers
15850,19,2,239,0,Recent / New Customers
15852,187,2,161,3,At Risk / Hibernating
15853,52,1,111,3,At Risk / Hibernating
15854,4,12,2975,1,VIP / Champions
15855,137,5,712,2,Potential Loyalists
15856,4,27,16388,1,VIP / Champions
15857,19,1,297,0,Recent / New Customers
15858,16,5,1439,2,Potential Loyalists
15860,41,8,977,2,Potential Loyalists
15861,12,8,3165,1,VIP / Champions
15862,8,4,833,0,Recent / New Customers
15863,26,2,69,0,Recent / New Customers
15864,22,6,1936,2,Potential Loyalists
15865,41,3,895,2,Potential Loyalists
15866,101,1,231,3,At Risk / Hibernating
15867,5,15,3813,1,VIP / Champions
15869,277,2,150,3,At Risk / Hibernating
15870,33,1,354,0,Recent / New Customers
15872,15,2,361,0,Recent / New Customers
15874,64,7,4406,2,Potential Loyalists
15877,2,2,493,0,Recent / New Customers
15880,369,1,343,3,At Risk / Hibernating
15881,312,5,501,2,Potential Loyalists
15882,199,4,516,2,Potential Loyalists
15883,2,2,396,0,Recent / New Customers
15885,93,3,379,3,At Risk / Hibernating
15886,60,1,181,3,At Risk / Hibernating
15888,81,1,168,3,At Risk / Hibernating
15889,157,2,447,3,At Risk / Hibernating
15891,227,1,525,3,At Risk / Hibernating
15894,253,2,264,3,At Risk / Hibernating
15895,150,1,179,3,At Risk / Hibernating
15897,194,2,222,3,At Risk / Hibernating
15898,1,5,1389,1,VIP / Champions
15899,369,1,56,3,At Risk / Hibernating
15900,24,1,351,0,Recent / New Customers
15901,17,3,364,0,Recent / New Customers
15903,10,7,5127,1,VIP / Champions
15904,8,1,165,0,Recent / New Customers
15906,20,7,1568,2,Potential Loyalists
15907,4,3,967,0,Recent / New Customers
15909,174,1,192,3,At Risk / Hibernating
15910,1,8,1232,1,VIP / Champions
15912,178,2,265,3,At Risk / Hibernating
15916,16,8,1528,1,VIP / Champions
15917,248,1,123,3,At Risk / Hibernating
15918,191,2,334,3,At Risk / Hibernating
15919,20,2,640,0,Recent / New Customers
15920,154,4,168,3,At Risk / Hibernating
15921,173,1,336,3,At Risk / Hibernating
15922,373,1,370,3,At Risk / Hibernating
15923,373,1,127,3,At Risk / Hibernating
15925,194,1,207,3,At Risk / Hibernating
15930,67,1,427,3,At Risk / Hibernating
15932,4,8,2496,1,VIP / Champions
15933,21,3,1107,2,Potential Loyalists
15935,239,2,417,3,At Risk / Hibernating
15937,64,1,145,3,At Risk / Hibernating
15938,112,5,405,2,Potential Loyalists
15939,90,15,6115,1,VIP / Champions
15940,311,1,36,3,At Risk / Hibernating
15942,134,1,337,3,At Risk / Hibernating
15944,277,1,325,3,At Risk / Hibernating
15945,365,1,181,3,At Risk / Hibernating
15947,83,1,1708,2,Potential Loyalists
15948,8,2,955,0,Recent / New Customers
15949,17,2,365,0,Recent / New Customers
15950,32,4,1766,2,Potential Loyalists
15951,9,2,708,0,Recent / New Customers
15952,34,4,807,2,Potential Loyalists
15953,15,8,1659,1,VIP / Champions
15955,24,14,4416,1,VIP / Champions
15957,32,1,429,0,Recent / New Customers
15958,74,1,104,3,At Risk / Hibernating
15963,20,2,471,0,Recent / New Customers
15965,17,4,846,0,Recent / New Customers
15967,23,2,419,0,Recent / New Customers
15969,3,3,666,0,Recent / New Customers
15970,304,1,314,3,At Risk / Hibernating
15971,18,12,4200,1,VIP / Champions
15973,367,1,308,3,At Risk / Hibernating
15974,39,7,3442,2,Potential Loyalists
15975,84,1,371,3,At Risk / Hibernating
15976,165,2,431,3,At Risk / Hibernating
15977,17,2,1055,0,Recent / New Customers
15978,77,1,1099,3,At Risk / Hibernating
15980,89,3,2399,2,Potential Loyalists
15981,25,8,3408,1,VIP / Champions
15983,22,4,1475,2,Potential Loyalists
15984,3,10,2838,1,VIP / Champions
15985,123,2,1142,2,Potential Loyalists
15986,30,1,168,0,Recent / New Customers
15987,12,7,1451,1,VIP / Champions
15988,19,1,158,0,Recent / New Customers
15990,44,2,792,2,Potential Loyalists
15992,4,1,42,0,Recent / New Customers
15993,9,7,2798,1,VIP / Champions
15994,55,1,427,3,At Risk / Hibernating
15996,88,6,1061,2,Potential Loyalists
15998,37,5,3090,2,Potential Loyalists
16000,3,3,12394,1,VIP / Champions
16003,30,5,2735,2,Potential Loyalists
16005,12,4,615,0,Recent / New Customers
16006,211,1,101,3,At Risk / Hibernating
16007,48,4,1702,2,Potential Loyalists
16008,24,3,479,0,Recent / New Customers
16009,22,4,993,2,Potential Loyalists
16010,246,3,408,3,At Risk / Hibernating
16011,8,16,3363,1,VIP / Champions
16012,35,3,1415,2,Potential Loyalists
16013,4,47,37131,1,VIP / Champions
16014,38,3,662,2,Potential Loyalists
16015,4,3,705,0,Recent / New Customers
16016,3,8,1509,1,VIP / Champions
16017,47,1,212,3,At Risk / Hibernating
16018,39,2,409,0,Recent / New Customers
16019,47,9,3786,1,VIP / Champions
16020,17,3,851,0,Recent / New Customers
16022,260,1,628,3,At Risk / Hibernating
16023,46,3,720,2,Potential Loyalists
16024,12,1,251,0,Recent / New Customers
16025,30,1,440,0,Recent / New Customers
16026,43,1,236,3,At Risk / Hibernating
16027,92,6,935,2,Potential Loyalists
16029,39,63,81025,1,VIP / Champions
16030,310,1,331,3,At Risk / Hibernating
16031,92,2,549,3,At Risk / Hibernating
16033,6,20,8816,1,VIP / Champions
16034,196,3,438,3,At Risk / Hibernating
16036,87,2,759,2,Potential Loyalists
16037,270,3,855,2,Potential Loyalists
16038,8,3,472,0,Recent / New Customers
16040,65,3,1314,2,Potential Loyalists
16041,31,3,3166,2,Potential Loyalists
16042,22,5,1197,2,Potential Loyalists
16043,38,4,774,2,Potential Loyalists
16045,120,4,1341,2,Potential Loyalists
16048,373,2,256,3,At Risk / Hibernating
16049,40,3,1112,2,Potential Loyalists
16050,174,1,138,3,At Risk / Hibernating
16052,54,1,362,3,At Risk / Hibernating
16053,33,2,1512,2,Potential Loyalists
16054,145,1,784,3,At Risk / Hibernating
16055,221,1,135,3,At Risk / Hibernating
16056,45,1,665,0,Recent / New Customers
16057,16,7,2263,1,VIP / Champions
16059,66,6,1460,2,Potential Loyalists
16062,10,4,1154,0,Recent / New Customers
16063,260,1,335,3,At Risk / Hibernating
16065,365,1,372,3,At Risk / Hibernating
16066,17,5,1522,2,Potential Loyalists
16070,22,2,852,0,Recent / New Customers
16071,45,1,326,3,At Risk / Hibernating
16072,288,1,584,3,At Risk / Hibernating
16073,297,1,122,3,At Risk / Hibernating
16076,3,10,2235,1,VIP / Champions
16078,284,1,79,3,At Risk / Hibernating
16079,17,3,1352,2,Potential Loyalists
16080,82,2,217,3,At Risk / Hibernating
16081,56,5,2807,2,Potential Loyalists
16083,101,2,1318,2,Potential Loyalists
16084,299,1,436,3,At Risk / Hibernating
16085,23,5,982,2,Potential Loyalists
16086,59,5,1121,2,Potential Loyalists
16091,155,2,315,3,At Risk / Hibernating
16092,115,3,818,2,Potential Loyalists
16093,107,1,17,3,At Risk / Hibernating
16094,12,4,1078,0,Recent / New Customers
16096,264,1,321,3,At Risk / Hibernating
16097,240,1,185,3,At Risk / Hibernating
16098,88,7,2006,2,Potential Loyalists
16099,50,3,732,2,Potential Loyalists
16101,71,1,1291,2,Potential Loyalists
16102,42,3,1842,2,Potential Loyalists
16103,7,6,1430,1,VIP / Champions
16104,62,1,302,3,At Risk / Hibernating
16105,249,1,337,3,At Risk / Hibernating
16106,66,1,108,3,At Risk / Hibernating
16107,18,7,3204,1,VIP / Champions
16108,85,1,842,3,At Risk / Hibernating
16109,219,2,612,3,At Risk / Hibernating
16110,45,3,1337,2,Potential Loyalists
16112,143,4,196,3,At Risk / Hibernating
16113,183,1,161,3,At Risk / Hibernating
16114,171,1,136,3,At Risk / Hibernating
16115,10,8,1668,1,VIP / Champions
16116,212,1,613,3,At Risk / Hibernating
16117,190,1,232,3,At Risk / Hibernating
16119,8,2,423,0,Recent / New Customers
16120,59,4,1309,2,Potential Loyalists
16121,57,2,867,2,Potential Loyalists
16122,73,4,684,2,Potential Loyalists
16123,52,1,308,3,At Risk / Hibernating
16124,317,1,249,3,At Risk / Hibernating
16125,367,1,289,3,At Risk / Hibernating
16126,29,4,6288,2,Potential Loyalists
16127,39,1,656,0,Recent / New Customers
16128,18,5,1880,2,Potential Loyalists
16131,52,6,3507,2,Potential Loyalists
16133,4,33,14589,1,VIP / Champions
16134,22,2,618,0,Recent / New Customers
16135,263,1,518,3,At Risk / Hibernating
16136,60,3,709,2,Potential Loyalists
16139,19,3,635,0,Recent / New Customers
16140,66,2,725,2,Potential Loyalists
16141,88,1,620,3,At Risk / Hibernating
16142,250,1,535,3,At Risk / Hibernating
16143,3,6,2425,1,VIP / Champions
16144,247,1,175,3,At Risk / Hibernating
16145,9,11,3799,1,VIP / Champions
16146,157,3,734,2,Potential Loyalists
16147,134,1,375,3,At Risk / Hibernating
16148,296,1,76,3,At Risk / Hibernating
16149,5,2,281,0,Recent / New Customers
16150,43,5,2053,2,Potential Loyalists
16152,269,1,1829,3,At Risk / Hibernating
16153,50,5,1824,2,Potential Loyalists
16156,9,9,3122,1,VIP / Champions
16157,16,3,657,0,Recent / New Customers
16159,282,1,348,3,At Risk / Hibernating
16160,65,2,1025,2,Potential Loyalists
16161,2,19,5576,1,VIP / Champions
16162,252,1,37,3,At Risk / Hibernating
16163,232,2,857,3,At Risk / Hibernating
16164,17,3,822,0,Recent / New Customers
16168,11,27,3788,1,VIP / Champions
16169,8,4,1823,2,Potential Loyalists
16170,51,6,1885,2,Potential Loyalists
16171,59,1,73,3,At Risk / Hibernating
16172,95,5,1140,2,Potential Loyalists
16173,16,6,1418,2,Potential Loyalists
16174,126,3,1010,2,Potential Loyalists
16175,94,4,1038,2,Potential Loyalists
16177,50,1,332,3,At Risk / Hibernating
16178,138,1,198,3,At Risk / Hibernating
16179,61,1,216,3,At Risk / Hibernating
16180,100,8,10254,2,Potential Loyalists
16181,73,1,306,3,At Risk / Hibernating
16182,72,4,6618,2,Potential Loyalists
16183,67,1,339,3,At Risk / Hibernating
16184,64,6,1159,2,Potential Loyalists
16185,17,2,529,0,Recent / New Customers
16186,23,12,4007,1,VIP / Champions
16187,32,15,6911,1,VIP / Champions
16188,45,4,982,2,Potential Loyalists
16189,16,2,215,0,Recent / New Customers
16190,40,1,215,3,At Risk / Hibernating
16191,3,13,5181,1,VIP / Champions
16193,237,1,314,3,At Risk / Hibernating
16198,75,1,401,3,At Risk / Hibernating
16200,4,2,1081,0,Recent / New Customers
16201,3,4,1863,1,VIP / Champions
16202,361,1,365,3,At Risk / Hibernating
16203,59,4,593,2,Potential Loyalists
16204,23,1,406,0,Recent / New Customers
16205,31,4,761,2,Potential Loyalists
16206,55,4,537,2,Potential Loyalists
16207,25,1,394,0,Recent / New Customers
16208,45,2,664,0,Recent / New Customers
16209,89,5,2263,2,Potential Loyalists
16210,2,18,21086,1,VIP / Champions
16211,89,1,547,3,At Risk / Hibernating
16212,19,2,690,0,Recent / New Customers
16213,79,1,159,3,At Risk / Hibernating
16214,171,3,1063,2,Potential Loyalists
16215,81,1,242,3,At Risk / Hibernating
16216,267,1,915,3,At Risk / Hibernating
16217,235,2,304,3,At Risk / Hibernating
16218,30,7,3085,2,Potential Loyalists
16221,37,3,865,2,Potential Loyalists
16222,318,1,847,3,At Risk / Hibernating
16224,57,4,1295,2,Potential Loyalists
16225,45,5,1096,2,Potential Loyalists
16226,203,3,255,3,At Risk / Hibernating
16227,225,1,314,3,At Risk / Hibernating
16229,87,2,1011,2,Potential Loyalists
16230,190,2,542,3,At Risk / Hibernating
16232,44,4,991,2,Potential Loyalists
16233,71,3,537,2,Potential Loyalists
16235,41,5,867,2,Potential Loyalists
16236,78,1,432,3,At Risk / Hibernating
16239,57,2,414,3,At Risk / Hibernating
16240,24,2,3719,2,Potential Loyalists
16241,10,13,2608,1,VIP / Champions
16242,8,7,3603,1,VIP / Champions
16243,34,2,409,0,Recent / New Customers
16244,212,2,1523,2,Potential Loyalists
16245,24,3,1414,2,Potential Loyalists
16247,170,1,115,3,At Risk / Hibernating
16248,62,1,153,3,At Risk / Hibernating
16249,53,5,1800,2,Potential Loyalists
16250,261,2,389,3,At Risk / Hibernating
16253,67,2,3684,2,Potential Loyalists
16255,17,8,2620,1,VIP / Champions
16256,267,1,752,3,At Risk / Hibernating
16257,177,1,47,3,At Risk / Hibernating
16258,45,5,5204,2,Potential Loyalists
16260,51,1,1035,0,Recent / New Customers
16261,17,4,747,0,Recent / New Customers
16265,9,9,5447,1,VIP / Champions
16266,74,7,862,2,Potential Loyalists
16268,71,2,668,2,Potential Loyalists
16270,353,1,1141,3,At Risk / Hibernating
16271,3,5,1429,1,VIP / Champions
16272,117,1,412,3,At Risk / Hibernating
16274,373,1,358,3,At Risk / Hibernating
16275,197,1,560,3,At Risk / Hibernating
16276,177,1,811,3,At Risk / Hibernating
16278,100,1,566,3,At Risk / Hibernating
16279,21,3,1510,2,Potential Loyalists
16281,72,1,2062,2,Potential Loyalists
16282,340,1,168,3,At Risk / Hibernating
16283,6,5,1571,1,VIP / Champions
16284,31,2,824,0,Recent / New Customers
16287,170,1,142,3,At Risk / Hibernating
16292,122,1,302,3,At Risk / Hibernating
16293,22,10,2249,1,VIP / Champions
16295,10,4,1329,0,Recent / New Customers
16297,269,1,302,3,At Risk / Hibernating
16298,23,3,598,0,Recent / New Customers
16302,127,1,233,3,At Risk / Hibernating
16303,26,3,5361,2,Potential Loyalists
16305,139,1,361,3,At Risk / Hibernating
16306,214,6,632,2,Potential Loyalists
16308,38,4,2560,2,Potential Loyalists
16309,106,2,707,3,At Risk / Hibernating
16311,18,2,616,0,Recent / New Customers
16313,3,2,274,0,Recent / New Customers
16315,331,1,226,3,At Risk / Hibernating
16316,64,8,2939,2,Potential Loyalists
16317,120,3,1342,2,Potential Loyalists
16318,35,1,328,0,Recent / New Customers
16319,218,1,404,3,At Risk / Hibernating
16320,172,2,1038,2,Potential Loyalists
16321,72,5,374,2,Potential Loyalists
16322,1,2,327,0,Recent / New Customers
16323,196,1,208,3,At Risk / Hibernating
16324,128,3,429,3,At Risk / Hibernating
16325,47,3,594,2,Potential Loyalists
16326,6,14,3111,1,VIP / Champions
16327,14,6,3844,1,VIP / Champions
16330,18,3,252,0,Recent / New Customers
16332,28,7,1593,2,Potential Loyalists
16333,8,22,26627,1,VIP / Champions
16337,37,1,151,3,At Risk / Hibernating
16338,157,1,215,3,At Risk / Hibernating
16339,284,1,110,3,At Risk / Hibernating
16340,107,1,549,3,At Risk / Hibernating
16341,25,4,1972,2,Potential Loyalists
16342,75,4,322,2,Potential Loyalists
16343,16,2,370,0,Recent / New Customers
16344,158,1,101,3,At Risk / Hibernating
16345,44,1,575,0,Recent / New Customers
16347,11,2,888,0,Recent / New Customers
16348,32,7,1469,2,Potential Loyalists
16349,291,1,54,3,At Risk / Hibernating
16350,21,4,1116,2,Potential Loyalists
16351,333,1,154,3,At Risk / Hibernating
16352,18,2,494,0,Recent / New Customers
16353,4,23,6676,1,VIP / Champions
16354,63,2,396,3,At Risk / Hibernating
16356,198,3,212,3,At Risk / Hibernating
16357,33,3,659,2,Potential Loyalists
16358,1,4,2028,1,VIP / Champions
16359,7,9,1751,1,VIP / Champions
16360,5,6,3513,1,VIP / Champions
16361,10,4,897,0,Recent / New Customers
16362,32,5,735,2,Potential Loyalists
16363,53,1,109,3,At Risk / Hibernating
16364,12,2,707,0,Recent / New Customers
16365,18,9,1540,1,VIP / Champions
16366,19,1,327,0,Recent / New Customers
16367,37,2,804,0,Recent / New Customers
16368,2,2,497,0,Recent / New Customers
16369,18,3,1554,2,Potential Loyalists
16370,82,4,1321,2,Potential Loyalists
16372,33,2,368,0,Recent / New Customers
16374,66,2,473,3,At Risk / Hibernating
16376,9,2,987,0,Recent / New Customers
16377,267,1,676,3,At Risk / Hibernating
16378,247,3,363,3,At Risk / Hibernating
16379,4,4,2157,1,VIP / Champions
16380,61,1,1781,2,Potential Loyalists
16383,75,2,668,2,Potential Loyalists
16384,90,2,584,3,At Risk / Hibernating
16385,60,3,556,2,Potential Loyalists
16386,29,2,317,0,Recent / New Customers
16387,323,1,94,3,At Risk / Hibernating
16389,53,4,1382,2,Potential Loyalists
16392,270,1,221,3,At Risk / Hibernating
16393,2,13,3046,1,VIP / Champions
16394,57,5,1555,2,Potential Loyalists
16395,61,5,1487,2,Potential Loyalists
16398,154,2,1706,2,Potential Loyalists
16399,19,2,409,0,Recent / New Customers
16400,95,1,304,3,At Risk / Hibernating
16401,1,12,4098,1,VIP / Champions
16402,265,2,300,3,At Risk / Hibernating
16403,312,1,178,3,At Risk / Hibernating
16404,70,1,443,3,At Risk / Hibernating
16405,302,2,167,3,At Risk / Hibernating
16406,19,1,163,0,Recent / New Customers
16407,13,10,2127,1,VIP / Champions
16409,36,5,2029,2,Potential Loyalists
16411,19,2,215,0,Recent / New Customers
16412,54,1,152,3,At Risk / Hibernating
16413,57,1,262,3,At Risk / Hibernating
16414,22,2,126,0,Recent / New Customers
16415,44,1,210,3,At Risk / Hibernating
16416,27,3,1051,2,Potential Loyalists
16418,45,3,675,2,Potential Loyalists
16419,113,6,972,2,Potential Loyalists
16422,17,51,34684,1,VIP / Champions
16423,25,1,346,0,Recent / New Customers
16424,191,1,134,3,At Risk / Hibernating
16425,302,1,303,3,At Risk / Hibernating
16426,2,10,1908,1,VIP / Champions
16427,263,2,241,3,At Risk / Hibernating
16429,106,1,285,3,At Risk / Hibernating
16430,57,1,301,3,At Risk / Hibernating
16431,213,3,643,3,At Risk / Hibernating
16432,64,1,287,3,At Risk / Hibernating
16433,28,1,184,0,Recent / New Customers
16434,29,7,1522,2,Potential Loyalists
16438,6,5,798,0,Recent / New Customers
16440,8,5,3641,1,VIP / Champions
16441,67,2,381,3,At Risk / Hibernating
16442,2,3,617,0,Recent / New Customers
16444,46,4,655,2,Potential Loyalists
16445,34,1,231,0,Recent / New Customers
16446,1,2,168472,1,VIP / Champions
16447,136,1,259,3,At Risk / Hibernating
16448,198,1,189,3,At Risk / Hibernating
16449,198,2,708,3,At Risk / Hibernating
16450,150,1,312,3,At Risk / Hibernating
16451,88,1,267,3,At Risk / Hibernating
16454,45,2,7,3,At Risk / Hibernating
16455,64,7,1841,2,Potential Loyalists
16456,99,5,2158,2,Potential Loyalists
16457,218,1,208,3,At Risk / Hibernating
16458,3,18,3483,1,VIP / Champions
16460,28,3,815,2,Potential Loyalists
16461,178,1,151,3,At Risk / Hibernating
16462,74,3,136,3,At Risk / Hibernating
16463,21,4,1422,2,Potential Loyalists
16464,20,3,1315,2,Potential Loyalists
16466,34,7,1603,2,Potential Loyalists
16468,74,1,75,3,At Risk / Hibernating
16469,24,4,650,2,Potential Loyalists
16470,52,4,762,2,Potential Loyalists
16471,275,1,224,3,At Risk / Hibernating
16473,165,3,316,3,At Risk / Hibernating
16474,7,7,1872,1,VIP / Champions
16475,88,4,544,2,Potential Loyalists
16477,64,7,2494,2,Potential Loyalists
16478,25,3,331,0,Recent / New Customers
16479,10,2,301,0,Recent / New Customers
16480,76,1,769,3,At Risk / Hibernating
16482,16,1,221,0,Recent / New Customers
16483,192,1,139,3,At Risk / Hibernating
16484,174,2,404,3,At Risk / Hibernating
16485,77,1,364,3,At Risk / Hibernating
16488,33,3,499,0,Recent / New Customers
16491,47,1,732,0,Recent / New Customers
16493,80,4,1352,2,Potential Loyalists
16494,297,1,827,3,At Risk / Hibernating
16495,3,3,684,0,Recent / New Customers
16496,9,3,1600,0,Recent / New Customers
16497,50,6,2966,2,Potential Loyalists
16498,161,2,101,3,At Risk / Hibernating
16499,360,2,365,3,At Risk / Hibernating
16500,5,6,401,0,Recent / New Customers
16503,107,4,1432,2,Potential Loyalists
16504,25,1,484,0,Recent / New Customers
16505,32,1,778,0,Recent / New Customers
16506,20,2,90,0,Recent / New Customers
16509,297,1,364,3,At Risk / Hibernating
16510,372,1,248,3,At Risk / Hibernating
16511,22,3,950,2,Potential Loyalists
16513,5,4,875,0,Recent / New Customers
16515,52,5,1627,2,Potential Loyalists
16516,30,1,102,0,Recent / New Customers
16517,277,1,163,3,At Risk / Hibernating
16518,61,2,484,3,At Risk / Hibernating
16519,25,2,215,0,Recent / New Customers
16520,186,3,1047,2,Potential Loyalists
16523,2,21,9418,1,VIP / Champions
16525,2,26,13027,1,VIP / Champions
16526,172,1,290,3,At Risk / Hibernating
16527,81,1,228,3,At Risk / Hibernating
16528,4,1,244,0,Recent / New Customers
16529,190,1,455,3,At Risk / Hibernating
16531,22,7,1245,2,Potential Loyalists
16532,18,3,6749,2,Potential Loyalists
16533,19,3,1096,2,Potential Loyalists
16535,5,1,594,0,Recent / New Customers
16536,110,1,549,3,At Risk / Hibernating
16539,3,4,1389,0,Recent / New Customers
16542,54,1,120,3,At Risk / Hibernating
16545,165,1,339,3,At Risk / Hibernating
16546,291,2,787,3,At Risk / Hibernating
16549,10,10,4155,1,VIP / Champions
16550,109,5,2299,2,Potential Loyalists
16551,96,3,922,2,Potential Loyalists
16552,243,2,380,3,At Risk / Hibernating
16553,163,12,5720,2,Potential Loyalists
16554,42,3,837,2,Potential Loyalists
16555,35,2,286,0,Recent / New Customers
16556,67,7,3314,2,Potential Loyalists
16557,24,2,282,0,Recent / New Customers
16558,1,20,8338,1,VIP / Champions
16560,27,2,841,0,Recent / New Customers
16561,6,2,511,0,Recent / New Customers
16563,54,1,1078,2,Potential Loyalists
16565,364,1,174,3,At Risk / Hibernating
16566,15,5,615,0,Recent / New Customers
16567,194,2,866,3,At Risk / Hibernating
16569,3,1,124,0,Recent / New Customers
16570,15,10,3738,1,VIP / Champions
16571,27,3,1422,2,Potential Loyalists
16572,127,3,1010,2,Potential Loyalists
16573,85,2,664,3,At Risk / Hibernating
16574,71,1,451,3,At Risk / Hibernating
16581,183,1,106,3,At Risk / Hibernating
16582,113,1,314,3,At Risk / Hibernating
16583,374,1,233,3,At Risk / Hibernating
16584,80,2,936,2,Potential Loyalists
16586,249,1,464,3,At Risk / Hibernating
16587,232,1,225,3,At Risk / Hibernating
16589,71,3,459,2,Potential Loyalists
16591,69,1,214,3,At Risk / Hibernating
16592,4,16,4114,1,VIP / Champions
16593,51,3,330,0,Recent / New Customers
16594,75,1,181,3,At Risk / Hibernating
16595,61,1,360,3,At Risk / Hibernating
16596,16,2,250,0,Recent / New Customers
16597,4,1,90,0,Recent / New Customers
16598,286,1,145,3,At Risk / Hibernating
16600,4,6,814,0,Recent / New Customers
16601,41,1,245,3,At Risk / Hibernating
16602,36,1,528,0,Recent / New Customers
16603,75,2,482,3,At Risk / Hibernating
16607,18,14,3348,1,VIP / Champions
16609,15,7,5493,1,VIP / Champions
16610,219,1,76,3,At Risk / Hibernating
16611,186,1,129,3,At Risk / Hibernating
16612,33,4,1188,2,Potential Loyalists
16613,70,1,619,3,At Risk / Hibernating
16614,183,1,506,3,At Risk / Hibernating
16616,15,2,500,0,Recent / New Customers
16617,236,1,152,3,At Risk / Hibernating
16618,31,5,2648,2,Potential Loyalists
16619,264,1,226,3,At Risk / Hibernating
16620,4,2,179,0,Recent / New Customers
16621,52,4,813,2,Potential Loyalists
16623,246,1,129,3,At Risk / Hibernating
16624,81,2,811,2,Potential Loyalists
16625,275,1,333,3,At Risk / Hibernating
16626,1,17,4413,1,VIP / Champions
16627,79,1,323,3,At Risk / Hibernating
16628,30,5,2188,2,Potential Loyalists
16629,74,2,418,3,At Risk / Hibernating
16633,17,6,2883,1,VIP / Champions
16634,223,2,218,3,At Risk / Hibernating
16637,32,4,1154,2,Potential Loyalists
16638,23,10,1681,1,VIP / Champions
16639,31,3,1258,2,Potential Loyalists
16641,106,1,231,3,At Risk / Hibernating
16642,5,2,688,0,Recent / New Customers
16643,246,1,488,3,At Risk / Hibernating
16644,178,2,834,3,At Risk / Hibernating
16647,170,2,214,3,At Risk / Hibernating
16648,43,1,291,3,At Risk / Hibernating
16650,72,1,518,3,At Risk / Hibernating
16652,59,7,6774,2,Potential Loyalists
16653,16,2,1213,0,Recent / New Customers
16654,141,4,601,2,Potential Loyalists
16655,18,6,3795,1,VIP / Champions
16656,22,15,8626,1,VIP / Champions
16657,10,4,934,0,Recent / New Customers
16658,368,1,123,3,At Risk / Hibernating
16659,189,1,39,3,At Risk / Hibernating
16660,16,4,1268,2,Potential Loyalists
16665,362,1,135,3,At Risk / Hibernating
16666,19,1,119,0,Recent / New Customers
16667,68,2,570,3,At Risk / Hibernating
16668,15,6,307,0,Recent / New Customers
16669,24,3,1375,2,Potential Loyalists
16670,17,11,4096,1,VIP / Champions
16671,28,3,1692,2,Potential Loyalists
16672,2,20,8135,1,VIP / Champions
16674,55,2,320,3,At Risk / Hibernating
16676,34,4,1592,2,Potential Loyalists
16678,3,12,3110,1,VIP / Champions
16679,366,1,130,3,At Risk / Hibernating
16680,43,1,184,3,At Risk / Hibernating
16681,73,6,1770,2,Potential Loyalists
16682,5,5,1028,0,Recent / New Customers
16684,4,28,66654,1,VIP / Champions
16685,61,2,324,3,At Risk / Hibernating
16686,47,7,3063,2,Potential Loyalists
16688,1,4,1261,0,Recent / New Customers
16689,76,2,423,3,At Risk / Hibernating
16690,72,2,226,3,At Risk / Hibernating
16692,256,2,1276,2,Potential Loyalists
16693,69,2,482,3,At Risk / Hibernating
16696,135,4,658,2,Potential Loyalists
16697,241,1,113,3,At Risk / Hibernating
16698,227,2,1998,2,Potential Loyalists
16700,9,13,5077,1,VIP / Champions
16701,9,13,5398,1,VIP / Champions
16705,1,20,14035,1,VIP / Champions
16706,37,3,531,0,Recent / New Customers
16708,46,1,657,0,Recent / New Customers
16709,85,5,3030,2,Potential Loyalists
16710,19,10,2483,1,VIP / Champions
16711,3,5,1651,1,VIP / Champions
16712,9,11,3645,1,VIP / Champions
16713,19,15,6923,1,VIP / Champions
16714,219,3,1162,2,Potential Loyalists
16715,78,1,302,3,At Risk / Hibernating
16716,267,2,901,3,At Risk / Hibernating
16717,24,6,3858,1,VIP / Champions
16718,369,1,624,3,At Risk / Hibernating
16719,15,7,1790,1,VIP / Champions
16720,26,1,155,0,Recent / New Customers
16721,262,1,292,3,At Risk / Hibernating
16722,17,13,4731,1,VIP / Champions
16723,91,2,589,3,At Risk / Hibernating
16725,302,7,781,2,Potential Loyalists
16726,26,5,1382,2,Potential Loyalists
16727,364,1,273,3,At Risk / Hibernating
16728,46,4,1055,2,Potential Loyalists
16729,38,21,7240,1,VIP / Champions
16730,52,3,743,2,Potential Loyalists
16732,32,1,604,0,Recent / New Customers
16734,52,3,651,2,Potential Loyalists
16735,79,5,2301,2,Potential Loyalists
16737,53,1,418,3,At Risk / Hibernating
16738,298,1,4,3,At Risk / Hibernating
16739,177,1,323,3,At Risk / Hibernating
16742,47,1,465,3,At Risk / Hibernating
16743,29,7,2238,2,Potential Loyalists
16744,11,7,1305,1,VIP / Champions
16745,87,17,7194,1,VIP / Champions
16746,5,18,6698,1,VIP / Champions
16747,38,2,836,2,Potential Loyalists
16748,18,5,1516,2,Potential Loyalists
16750,45,5,624,2,Potential Loyalists
16751,31,1,1765,2,Potential Loyalists
16752,373,1,208,3,At Risk / Hibernating
16753,58,1,224,3,At Risk / Hibernating
16754,372,1,2002,3,At Risk / Hibernating
16755,114,3,1497,2,Potential Loyalists
16756,215,1,239,3,At Risk / Hibernating
16757,319,1,107,3,At Risk / Hibernating
16758,65,1,369,3,At Risk / Hibernating
16759,8,3,790,0,Recent / New Customers
16761,97,1,317,3,At Risk / Hibernating
16762,20,3,1501,2,Potential Loyalists
16763,199,1,612,3,At Risk / Hibernating
16764,4,13,2799,1,VIP / Champions
16765,294,1,34,3,At Risk / Hibernating
16766,273,2,1146,3,At Risk / Hibernating
16767,31,11,5581,1,VIP / Champions
16768,48,3,478,2,Potential Loyalists
16769,260,1,380,3,At Risk / Hibernating
16770,58,5,770,2,Potential Loyalists
16771,33,5,2247,2,Potential Loyalists
16773,57,1,172,3,At Risk / Hibernating
16774,68,4,662,2,Potential Loyalists
16775,10,11,1696,1,VIP / Champions
16776,60,1,388,3,At Risk / Hibernating
16777,80,2,226,3,At Risk / Hibernating
16778,74,2,246,3,At Risk / Hibernating
16779,2,22,10630,1,VIP / Champions
16780,100,2,425,3,At Risk / Hibernating
16781,372,1,311,3,At Risk / Hibernating
16782,10,13,2280,1,VIP / Champions
16784,20,1,108,0,Recent / New Customers
16788,123,2,597,3,At Risk / Hibernating
16789,8,1,81,0,Recent / New Customers
16790,4,6,1546,1,VIP / Champions
16791,29,7,1722,2,Potential Loyalists
16792,282,2,110,3,At Risk / Hibernating
16793,57,1,244,3,At Risk / Hibernating
16794,1,10,1223,1,VIP / Champions
16795,365,1,415,3,At Risk / Hibernating
16796,89,1,306,3,At Risk / Hibernating
16800,11,1,1201,0,Recent / New Customers
16801,163,4,1620,2,Potential Loyalists
16803,65,1,332,3,At Risk / Hibernating
16804,23,3,537,0,Recent / New Customers
16805,174,2,461,3,At Risk / Hibernating
16806,103,4,801,2,Potential Loyalists
16807,143,3,1122,2,Potential Loyalists
16808,99,2,288,3,At Risk / Hibernating
16809,23,5,915,2,Potential Loyalists
16810,192,1,310,3,At Risk / Hibernating
16811,5,2,547,0,Recent / New Customers
16812,361,1,479,3,At Risk / Hibernating
16813,8,10,1693,1,VIP / Champions
16814,14,21,6509,1,VIP / Champions
16816,103,4,417,2,Potential Loyalists
16817,3,9,1605,1,VIP / Champions
16818,11,11,3350,1,VIP / Champions
16820,96,1,498,3,At Risk / Hibernating
16823,227,1,358,3,At Risk / Hibernating
16824,16,2,461,0,Recent / New Customers
16825,39,2,775,2,Potential Loyalists
16826,51,1,342,3,At Risk / Hibernating
16828,93,2,128,3,At Risk / Hibernating
16829,157,1,197,3,At Risk / Hibernating
16830,39,1,326,0,Recent / New Customers
16832,184,3,199,3,At Risk / Hibernating
16833,1,4,1107,0,Recent / New Customers
16834,228,1,413,3,At Risk / Hibernating
16835,128,2,181,3,At Risk / Hibernating
16836,40,2,252,0,Recent / New Customers
16837,31,11,3171,1,VIP / Champions
16838,197,2,589,3,At Risk / Hibernating
16839,9,34,16594,1,VIP / Champions
16841,37,6,1870,2,Potential Loyalists
16842,101,3,1264,2,Potential Loyalists
16843,43,16,10197,1,VIP / Champions
16846,50,1,214,3,At Risk / Hibernating
16847,43,1,193,3,At Risk / Hibernating
16848,53,1,281,3,At Risk / Hibernating
16849,187,1,125,3,At Risk / Hibernating
16850,334,1,332,3,At Risk / Hibernating
16851,4,3,342,0,Recent / New Customers
16852,10,2,145,0,Recent / New Customers
16855,24,2,328,0,Recent / New Customers
16856,15,1,35,0,Recent / New Customers
16858,369,1,376,3,At Risk / Hibernating
16859,145,2,748,3,At Risk / Hibernating
16861,60,2,174,3,At Risk / Hibernating
16863,31,2,503,0,Recent / New Customers
16866,141,3,208,3,At Risk / Hibernating
16869,23,4,825,2,Potential Loyalists
16871,22,6,2812,2,Potential Loyalists
16872,77,3,680,2,Potential Loyalists
16873,5,6,7124,1,VIP / Champions
16875,67,5,2096,2,Potential Loyalists
16877,12,6,854,2,Potential Loyalists
16878,84,1,13,3,At Risk / Hibernating
16880,31,7,1519,2,Potential Loyalists
16881,67,1,432,3,At Risk / Hibernating
16882,67,3,705,2,Potential Loyalists
16883,187,2,277,3,At Risk / Hibernating
16884,38,2,430,0,Recent / New Customers
16885,15,3,472,0,Recent / New Customers
16887,35,1,195,0,Recent / New Customers
16889,195,3,1579,2,Potential Loyalists
16891,2,5,810,0,Recent / New Customers
16892,1,5,526,0,Recent / New Customers
16893,367,1,146,3,At Risk / Hibernating
16895,65,1,219,3,At Risk / Hibernating
16897,299,2,290,3,At Risk / Hibernating
16898,26,3,509,0,Recent / New Customers
16899,8,6,1282,1,VIP / Champions
16900,17,3,887,0,Recent / New Customers
16902,116,1,1707,2,Potential Loyalists
16903,29,1,373,0,Recent / New Customers
16904,4,16,3754,1,VIP / Champions
16905,5,7,3102,1,VIP / Champions
16906,82,4,580,2,Potential Loyalists
16907,29,5,982,2,Potential Loyalists
16909,72,1,379,3,At Risk / Hibernating
16910,4,8,1510,1,VIP / Champions
16912,29,11,2575,1,VIP / Champions
16913,290,1,113,3,At Risk / Hibernating
16914,36,1,208,0,Recent / New Customers
16915,9,6,622,0,Recent / New Customers
16916,24,2,576,0,Recent / New Customers
16917,277,1,392,3,At Risk / Hibernating
16918,50,6,1069,2,Potential Loyalists
16919,156,11,2596,2,Potential Loyalists
16921,61,1,170,3,At Risk / Hibernating
16923,12,19,7248,1,VIP / Champions
16924,21,3,847,0,Recent / New Customers
16926,371,1,230,3,At Risk / Hibernating
16927,116,3,543,2,Potential Loyalists
16928,80,17,2848,1,VIP / Champions
16929,4,7,1295,1,VIP / Champions
16930,26,3,381,0,Recent / New Customers
16931,5,21,4604,1,VIP / Champions
16932,53,1,162,3,At Risk / Hibernating
16933,1,2,563,0,Recent / New Customers
16934,55,2,951,2,Potential Loyalists
16936,26,1,263,0,Recent / New Customers
16938,9,4,2736,1,VIP / Champions
16940,52,3,3050,2,Potential Loyalists
16942,13,9,1921,1,VIP / Champions
16943,212,3,817,2,Potential Loyalists
16945,22,19,4346,1,VIP / Champions
16947,236,1,406,3,At Risk / Hibernating
16948,139,3,435,3,At Risk / Hibernating
16949,4,6,1286,1,VIP / Champions
16950,57,3,1179,2,Potential Loyalists
16951,135,3,1278,2,Potential Loyalists
16952,109,2,168,3,At Risk / Hibernating
16953,30,1,21,3,At Risk / Hibernating
16954,1,9,2085,1,VIP / Champions
16955,185,4,519,2,Potential Loyalists
16956,18,1,309,0,Recent / New Customers
16957,239,2,417,3,At Risk / Hibernating
16959,87,1,117,3,At Risk / Hibernating
16960,39,3,507,0,Recent / New Customers
16961,116,1,234,3,At Risk / Hibernating
16963,187,1,111,3,At Risk / Hibernating
16965,227,1,201,3,At Risk / Hibernating
16966,8,7,2155,1,VIP / Champions
16967,189,1,319,3,At Risk / Hibernating
16968,4,2,439,0,Recent / New Customers
16969,39,3,650,2,Potential Loyalists
16971,38,1,357,0,Recent / New Customers
16976,267,1,252,3,At Risk / Hibernating
16978,78,1,344,3,At Risk / Hibernating
16979,4,6,1852,1,VIP / Champions
16980,255,2,1079,3,At Risk / Hibernating
16982,61,1,384,3,At Risk / Hibernating
16983,13,7,1931,1,VIP / Champions
16984,88,2,4481,2,Potential Loyalists
16985,17,10,5464,1,VIP / Champions
16986,30,2,1873,2,Potential Loyalists
16987,3,7,1625,1,VIP / Champions
16988,5,1,126,0,Recent / New Customers
16989,7,6,1133,1,VIP / Champions
16990,219,1,179,3,At Risk / Hibernating
16992,11,5,1614,2,Potential Loyalists
16996,30,6,1457,2,Potential Loyalists
16997,288,3,702,3,At Risk / Hibernating
16998,150,4,295,3,At Risk / Hibernating
16999,23,2,485,0,Recent / New Customers
17001,1,11,3990,1,VIP / Champions
17002,86,3,1494,2,Potential Loyalists
17004,46,2,1413,2,Potential Loyalists
17006,5,4,782,0,Recent / New Customers
17007,51,6,890,2,Potential Loyalists
17010,18,1,195,0,Recent / New Customers
17011,30,1,271,0,Recent / New Customers
17014,8,3,586,0,Recent / New Customers
17015,29,3,1843,2,Potential Loyalists
17017,3,20,8694,1,VIP / Champions
17018,41,2,920,2,Potential Loyalists
17019,11,4,1273,0,Recent / New Customers
17022,31,1,71,3,At Risk / Hibernating
17024,45,3,96,3,At Risk / Hibernating
17025,61,3,358,3,At Risk / Hibernating
17026,185,2,155,3,At Risk / Hibernating
17027,79,6,890,2,Potential Loyalists
17029,111,2,716,3,At Risk / Hibernating
17030,64,1,147,3,At Risk / Hibernating
17031,12,2,380,0,Recent / New Customers
17033,86,3,1030,2,Potential Loyalists
17034,16,3,746,0,Recent / New Customers
17035,246,2,434,3,At Risk / Hibernating
17037,88,1,1267,3,At Risk / Hibernating
17038,30,1,112,0,Recent / New Customers
17040,138,1,450,3,At Risk / Hibernating
17041,27,3,1082,2,Potential Loyalists
17042,3,5,1044,0,Recent / New Customers
17043,32,4,1735,2,Potential Loyalists
17044,25,1,948,0,Recent / New Customers
17045,113,3,339,3,At Risk / Hibernating
17046,157,1,642,3,At Risk / Hibernating
17047,85,3,1101,2,Potential Loyalists
17048,118,3,925,2,Potential Loyalists
17049,3,9,5660,1,VIP / Champions
17050,96,6,3229,2,Potential Loyalists
17051,194,1,247,3,At Risk / Hibernating
17052,28,1,414,0,Recent / New Customers
17053,131,1,498,3,At Risk / Hibernating
17054,28,5,1356,2,Potential Loyalists
17058,82,3,1180,2,Potential Loyalists
17059,30,5,3095,2,Potential Loyalists
17060,266,1,234,3,At Risk / Hibernating
17061,74,11,5232,1,VIP / Champions
17062,314,4,538,3,At Risk / Hibernating
17063,21,7,1461,2,Potential Loyalists
17064,59,3,859,2,Potential Loyalists
17068,12,21,4552,1,VIP / Champions
17069,28,9,2710,1,VIP / Champions
17070,114,1,312,3,At Risk / Hibernating
17071,28,9,2429,1,VIP / Champions
17073,18,4,1446,2,Potential Loyalists
17075,18,4,834,2,Potential Loyalists
17076,36,3,841,2,Potential Loyalists
17078,36,2,378,0,Recent / New Customers
17079,78,1,119,3,At Risk / Hibernating
17080,22,2,288,0,Recent / New Customers
17081,25,2,290,0,Recent / New Customers
17082,33,2,2004,2,Potential Loyalists
17083,109,3,1406,2,Potential Loyalists
17084,35,2,2950,2,Potential Loyalists
17085,123,5,1567,2,Potential Loyalists
17086,7,6,2050,1,VIP / Champions
17088,28,4,1991,2,Potential Loyalists
17090,4,7,2044,1,VIP / Champions
17091,3,9,3828,1,VIP / Champions
17092,50,4,1778,2,Potential Loyalists
17094,322,1,302,3,At Risk / Hibernating
17095,23,3,1324,2,Potential Loyalists
17096,15,4,1022,2,Potential Loyalists
17097,2,8,954,1,VIP / Champions
17100,18,2,972,0,Recent / New Customers
17101,10,4,1622,2,Potential Loyalists
17102,262,1,26,3,At Risk / Hibernating
17105,159,2,666,3,At Risk / Hibernating
17107,33,6,10815,1,VIP / Champions
17109,29,6,885,2,Potential Loyalists
17110,165,1,163,3,At Risk / Hibernating
17111,47,1,249,3,At Risk / Hibernating
17114,6,8,809,1,VIP / Champions
17115,8,3,838,0,Recent / New Customers
17117,288,1,116,3,At Risk / Hibernating
17118,318,1,157,3,At Risk / Hibernating
17119,3,2,607,0,Recent / New Customers
17120,233,1,307,3,At Risk / Hibernating
17122,119,1,138,3,At Risk / Hibernating
17123,162,1,345,3,At Risk / Hibernating
17124,185,1,299,3,At Risk / Hibernating
17125,50,1,259,3,At Risk / Hibernating
17126,152,5,1005,2,Potential Loyalists
17128,335,1,157,3,At Risk / Hibernating
17131,5,5,2463,1,VIP / Champions
17133,16,7,4892,1,VIP / Champions
17134,107,2,425,3,At Risk / Hibernating
17135,16,7,1140,2,Potential Loyalists
17138,276,1,380,3,At Risk / Hibernating
17139,16,12,10668,1,VIP / Champions
17140,247,1,465,3,At Risk / Hibernating
17142,239,1,579,3,At Risk / Hibernating
17144,1,2,985,0,Recent / New Customers
17146,106,3,750,2,Potential Loyalists
17147,23,4,1715,2,Potential Loyalists
17148,52,1,125,3,At Risk / Hibernating
17152,195,3,1690,2,Potential Loyalists
17153,24,1,214,0,Recent / New Customers
17154,75,1,329,3,At Risk / Hibernating
17155,18,2,252,0,Recent / New Customers
17157,8,2,319,0,Recent / New Customers
17158,32,3,1267,2,Potential Loyalists
17159,22,3,1539,2,Potential Loyalists
17160,31,6,3518,2,Potential Loyalists
17162,29,10,1715,1,VIP / Champions
17163,22,2,293,0,Recent / New Customers
17164,33,7,2467,2,Potential Loyalists
17165,284,1,159,3,At Risk / Hibernating
17166,39,2,206,0,Recent / New Customers
17169,58,2,836,2,Potential Loyalists
17171,289,1,225,3,At Risk / Hibernating
17172,79,1,318,3,At Risk / Hibernating
17173,5,8,3767,1,VIP / Champions
17174,218,1,60,3,At Risk / Hibernating
17175,44,4,1444,2,Potential Loyalists
17176,202,1,306,3,At Risk / Hibernating
17179,178,3,712,2,Potential Loyalists
17180,56,4,796,2,Potential Loyalists
17181,57,2,240,3,At Risk / Hibernating
17183,8,6,3347,1,VIP / Champions
17186,47,2,144,3,At Risk / Hibernating
17187,227,1,204,3,At Risk / Hibernating
17188,11,7,2474,1,VIP / Champions
17189,106,2,384,3,At Risk / Hibernating
17190,59,2,445,3,At Risk / Hibernating
17191,28,7,2095,2,Potential Loyalists
17193,36,7,1699,2,Potential Loyalists
17194,274,2,263,3,At Risk / Hibernating
17197,30,1,1013,0,Recent / New Customers
17198,24,3,692,0,Recent / New Customers
17201,54,1,343,3,At Risk / Hibernating
17203,36,6,3564,2,Potential Loyalists
17204,175,4,1565,2,Potential Loyalists
17205,54,1,384,3,At Risk / Hibernating
17206,53,1,204,3,At Risk / Hibernating
17211,27,8,2317,1,VIP / Champions
17212,253,1,227,3,At Risk / Hibernating
17213,40,7,2781,2,Potential Loyalists
17214,60,6,1069,2,Potential Loyalists
17217,234,1,114,3,At Risk / Hibernating
17218,4,10,1961,1,VIP / Champions
17219,32,1,114,3,At Risk / Hibernating
17220,24,14,3198,1,VIP / Champions
17221,7,2,335,0,Recent / New Customers
17222,65,1,354,3,At Risk / Hibernating
17223,310,2,427,3,At Risk / Hibernating
17226,309,1,393,3,At Risk / Hibernating
17227,19,6,939,2,Potential Loyalists
17228,16,8,1906,1,VIP / Champions
17229,96,2,319,3,At Risk / Hibernating
17230,264,8,3638,2,Potential Loyalists
17231,12,10,3174,1,VIP / Champions
17232,3,2,422,0,Recent / New Customers
17233,35,1,191,0,Recent / New Customers
17234,183,1,150,3,At Risk / Hibernating
17235,25,2,550,0,Recent / New Customers
17236,13,6,916,2,Potential Loyalists
17237,11,2,315,0,Recent / New Customers
17238,3,17,3745,1,VIP / Champions
17239,313,1,382,3,At Risk / Hibernating
17242,108,2,1135,2,Potential Loyalists
17243,1,26,8677,1,VIP / Champions
17244,53,1,955,0,Recent / New Customers
17245,205,1,171,3,At Risk / Hibernating
17247,15,1,282,0,Recent / New Customers
17248,120,1,319,3,At Risk / Hibernating
17250,4,2,385,0,Recent / New Customers
17251,363,1,283,3,At Risk / Hibernating
17252,117,2,354,3,At Risk / Hibernating
17253,18,1,178,0,Recent / New Customers
17254,5,2,272,0,Recent / New Customers
17255,41,2,298,0,Recent / New Customers
17256,107,2,240,3,At Risk / Hibernating
17259,148,2,603,3,At Risk / Hibernating
17262,52,5,1253,2,Potential Loyalists
17263,208,1,63,3,At Risk / Hibernating
17265,139,2,563,3,At Risk / Hibernating
17266,2,3,311,0,Recent / New Customers
17267,127,2,318,3,At Risk / Hibernating
17268,108,4,764,2,Potential Loyalists
17272,42,4,2149,2,Potential Loyalists
17274,35,1,112,3,At Risk / Hibernating
17277,228,2,1065,3,At Risk / Hibernating
17278,241,1,246,3,At Risk / Hibernating
17279,58,1,188,3,At Risk / Hibernating
17282,130,3,1703,2,Potential Loyalists
17284,60,6,1653,2,Potential Loyalists
17286,22,1,154,0,Recent / New Customers
17287,26,7,1064,2,Potential Loyalists
17288,9,7,1420,1,VIP / Champions
17289,32,3,944,2,Potential Loyalists
17290,4,2,525,0,Recent / New Customers
17291,308,1,551,3,At Risk / Hibernating
17293,8,9,1875,1,VIP / Champions
17295,29,3,557,0,Recent / New Customers
17297,17,1,132,0,Recent / New Customers
17298,101,2,498,3,At Risk / Hibernating
17299,12,4,669,0,Recent / New Customers
17301,21,1,198,0,Recent / New Customers
17302,15,5,1136,2,Potential Loyalists
17303,361,1,250,3,At Risk / Hibernating
17306,11,19,8631,1,VIP / Champions
17309,95,1,83,3,At Risk / Hibernating
17311,78,2,1385,2,Potential Loyalists
17312,139,3,644,2,Potential Loyalists
17313,31,1,2329,2,Potential Loyalists
17314,25,8,2528,1,VIP / Champions
17315,2,38,6292,1,VIP / Champions
17317,46,3,2600,2,Potential Loyalists
17320,100,3,1201,2,Potential Loyalists
17321,8,2,701,0,Recent / New Customers
17323,15,7,921,2,Potential Loyalists
17324,18,4,990,2,Potential Loyalists
17325,280,1,97,3,At Risk / Hibernating
17329,14,2,523,0,Recent / New Customers
17330,23,2,364,0,Recent / New Customers
17331,124,1,175,3,At Risk / Hibernating
17333,86,1,494,3,At Risk / Hibernating
17334,302,2,307,3,At Risk / Hibernating
17337,151,4,2028,2,Potential Loyalists
17338,17,8,6644,1,VIP / Champions
17339,94,2,243,3,At Risk / Hibernating
17340,30,11,12353,1,VIP / Champions
17341,157,3,781,2,Potential Loyalists
17343,355,1,194,3,At Risk / Hibernating
17344,46,1,161,3,At Risk / Hibernating
17345,15,4,538,0,Recent / New Customers
17346,4,15,2677,1,VIP / Champions
17347,86,1,229,3,At Risk / Hibernating
17348,15,5,1160,2,Potential Loyalists
17349,179,1,111,3,At Risk / Hibernating
17350,8,4,1286,0,Recent / New Customers
17351,36,3,587,2,Potential Loyalists
17353,129,2,1740,2,Potential Loyalists
17354,51,1,1393,2,Potential Loyalists
17356,312,1,178,3,At Risk / Hibernating
17357,24,2,388,0,Recent / New Customers
17358,303,2,366,3,At Risk / Hibernating
17359,11,1,128,0,Recent / New Customers
17360,17,3,586,0,Recent / New Customers
17361,49,3,488,2,Potential Loyalists
17362,239,2,312,3,At Risk / Hibernating
17364,1,11,4481,1,VIP / Champions
17365,13,8,4802,1,VIP / Champions
17367,238,1,168,3,At Risk / Hibernating
17368,23,8,1913,1,VIP / Champions
17370,73,4,446,2,Potential Loyalists
17371,17,3,424,0,Recent / New Customers
17372,41,8,1343,2,Potential Loyalists
17373,40,4,647,2,Potential Loyalists
17374,219,2,496,3,At Risk / Hibernating
17375,199,3,400,3,At Risk / Hibernating
17376,71,2,203,3,At Risk / Hibernating
17377,24,20,4101,1,VIP / Champions
17379,11,1,405,0,Recent / New Customers
17381,9,29,20276,1,VIP / Champions
17382,65,1,65,3,At Risk / Hibernating
17383,4,1,199,0,Recent / New Customers
17384,19,2,336,0,Recent / New Customers
17385,15,1,261,0,Recent / New Customers
17386,8,6,2686,1,VIP / Champions
17387,20,2,784,0,Recent / New Customers
17388,78,4,1260,2,Potential Loyalists
17389,1,34,31834,1,VIP / Champions
17391,164,2,509,3,At Risk / Hibernating
17392,307,2,458,3,At Risk / Hibernating
17394,219,1,204,3,At Risk / Hibernating
17396,39,8,7331,1,VIP / Champions
17397,22,2,696,0,Recent / New Customers
17398,115,3,653,2,Potential Loyalists
17400,126,5,2130,2,Potential Loyalists
17402,5,13,2634,1,VIP / Champions
17403,36,1,282,0,Recent / New Customers
17404,4,15,31907,1,VIP / Champions
17405,1,3,1031,0,Recent / New Customers
17406,333,3,2200,2,Potential Loyalists
17408,163,1,33,3,At Risk / Hibernating
17409,185,2,772,3,At Risk / Hibernating
17410,16,5,1215,2,Potential Loyalists
17411,12,3,779,0,Recent / New Customers
17412,3,7,1258,1,VIP / Champions
17414,44,2,778,2,Potential Loyalists
17415,80,1,508,3,At Risk / Hibernating
17416,30,7,6893,1,VIP / Champions
17418,42,2,463,0,Recent / New Customers
17419,11,12,4227,1,VIP / Champions
17420,50,3,599,2,Potential Loyalists
17422,16,6,1979,2,Potential Loyalists
17423,46,2,698,2,Potential Loyalists
17425,19,2,759,0,Recent / New Customers
17426,8,6,5037,1,VIP / Champions
17427,72,1,101,3,At Risk / Hibernating
17428,1,28,17257,1,VIP / Champions
17429,128,3,525,3,At Risk / Hibernating
17430,33,2,266,0,Recent / New Customers
17431,313,1,403,3,At Risk / Hibernating
17432,18,2,366,0,Recent / New Customers
17433,88,1,303,3,At Risk / Hibernating
17434,2,7,2374,1,VIP / Champions
17436,2,2,216,0,Recent / New Customers
17438,254,1,388,3,At Risk / Hibernating
17440,157,3,186,3,At Risk / Hibernating
17442,37,6,2249,2,Potential Loyalists
17443,220,1,534,3,At Risk / Hibernating
17444,148,3,2940,2,Potential Loyalists
17446,177,2,121,3,At Risk / Hibernating
17447,40,2,542,0,Recent / New Customers
17449,2,7,2521,1,VIP / Champions
17450,8,46,194551,1,VIP / Champions
17451,1,7,1721,1,VIP / Champions
17453,18,2,487,0,Recent / New Customers
17454,192,4,518,2,Potential Loyalists
17455,204,1,132,3,At Risk / Hibernating
17456,365,1,250,3,At Risk / Hibernating
17457,127,5,1738,2,Potential Loyalists
17458,15,1,316,0,Recent / New Customers
17459,43,2,657,0,Recent / New Customers
17460,94,6,622,2,Potential Loyalists
17461,23,3,757,0,Recent / New Customers
17462,60,2,676,2,Potential Loyalists
17463,16,5,1896,2,Potential Loyalists
17464,158,1,290,3,At Risk / Hibernating
17466,10,2,763,0,Recent / New Customers
17468,10,2,137,0,Recent / New Customers
17469,16,5,1871,2,Potential Loyalists
17470,45,5,1125,2,Potential Loyalists
17472,191,3,710,2,Potential Loyalists
17475,79,1,194,3,At Risk / Hibernating
17480,78,1,512,3,At Risk / Hibernating
17481,4,4,1256,0,Recent / New Customers
17483,65,3,414,2,Potential Loyalists
17486,261,1,397,3,At Risk / Hibernating
17489,59,2,377,3,At Risk / Hibernating
17490,1,7,2092,1,VIP / Champions
17491,1,10,3559,1,VIP / Champions
17492,248,1,375,3,At Risk / Hibernating
17495,8,2,498,0,Recent / New Customers
17496,359,1,271,3,At Risk / Hibernating
17498,76,1,272,3,At Risk / Hibernating
17499,290,1,623,3,At Risk / Hibernating
17500,17,3,1138,0,Recent / New Customers
17501,221,2,289,3,At Risk / Hibernating
17502,9,4,689,0,Recent / New Customers
17503,3,2,559,0,Recent / New Customers
17504,206,9,2997,2,Potential Loyalists
17505,162,2,1146,2,Potential Loyalists
17506,76,1,302,3,At Risk / Hibernating
17507,262,2,606,3,At Risk / Hibernating
17508,281,1,387,3,At Risk / Hibernating
17509,58,8,6115,2,Potential Loyalists
17510,25,1,308,0,Recent / New Customers
17511,3,31,91062,1,VIP / Champions
17512,29,10,2925,1,VIP / Champions
17513,72,1,513,3,At Risk / Hibernating
17514,128,1,209,3,At Risk / Hibernating
17515,31,4,639,2,Potential Loyalists
17516,15,5,768,2,Potential Loyalists
17517,309,1,154,3,At Risk / Hibernating
17519,17,6,1844,2,Potential Loyalists
17520,54,1,547,3,At Risk / Hibernating
17521,30,3,723,2,Potential Loyalists
17522,2,5,1071,1,VIP / Champions
17523,11,4,653,0,Recent / New Customers
17524,361,1,145,3,At Risk / Hibernating
17525,360,1,423,3,At Risk / Hibernating
17526,5,4,1196,0,Recent / New Customers
17527,54,4,939,2,Potential Loyalists
17528,1,8,3628,1,VIP / Champions
17530,1,10,2385,1,VIP / Champions
17531,190,1,297,3,At Risk / Hibernating
17534,54,1,223,3,At Risk / Hibernating
17535,280,1,164,3,At Risk / Hibernating
17536,177,1,76,3,At Risk / Hibernating
17537,30,2,898,0,Recent / New Customers
17538,26,1,98,0,Recent / New Customers
17540,25,2,579,0,Recent / New Customers
17542,270,1,171,3,At Risk / Hibernating
17545,43,3,646,2,Potential Loyalists
17548,234,1,103,3,At Risk / Hibernating
17549,24,2,149,0,Recent / New Customers
17550,197,3,267,3,At Risk / Hibernating
17551,359,1,307,3,At Risk / Hibernating
17552,60,4,930,2,Potential Loyalists
17553,130,1,1488,3,At Risk / Hibernating
17554,1,5,1952,1,VIP / Champions
17555,20,2,483,0,Recent / New Customers
17556,206,1,158,3,At Risk / Hibernating
17557,14,3,541,0,Recent / New Customers
17560,95,4,855,2,Potential Loyalists
17561,19,1,168,0,Recent / New Customers
17562,14,7,1122,2,Potential Loyalists
17564,24,3,454,0,Recent / New Customers
17566,8,2,901,0,Recent / New Customers
17567,7,8,4331,1,VIP / Champions
17569,332,1,344,3,At Risk / Hibernating
17571,50,4,1499,2,Potential Loyalists
17572,71,4,227,3,At Risk / Hibernating
17573,29,3,381,0,Recent / New Customers
17574,243,1,186,3,At Risk / Hibernating
17576,8,19,3623,1,VIP / Champions
17578,218,1,143,3,At Risk / Hibernating
17579,5,3,449,0,Recent / New Customers
17580,253,3,216,3,At Risk / Hibernating
17581,1,25,11045,1,VIP / Champions
17582,236,1,175,3,At Risk / Hibernating
17584,7,2,1242,0,Recent / New Customers
17585,109,4,1133,2,Potential Loyalists
17588,100,3,1240,2,Potential Loyalists
17589,60,4,2404,2,Potential Loyalists
17590,2,3,1479,0,Recent / New Customers
17591,73,7,2226,2,Potential Loyalists
17593,4,5,3927,1,VIP / Champions
17594,85,2,993,2,Potential Loyalists
17595,12,2,389,0,Recent / New Customers
17596,23,7,2828,1,VIP / Champions
17597,214,1,2044,3,At Risk / Hibernating
17600,18,1,162,0,Recent / New Customers
17601,239,1,116,3,At Risk / Hibernating
17602,2,6,5103,1,VIP / Champions
17603,78,1,395,3,At Risk / Hibernating
17604,217,2,309,3,At Risk / Hibernating
17608,33,2,193,0,Recent / New Customers
17609,41,5,1112,2,Potential Loyalists
17611,7,15,3984,1,VIP / Champions
17612,53,6,2048,2,Potential Loyalists
17613,23,14,4559,1,VIP / Champions
17614,57,1,390,3,At Risk / Hibernating
17615,130,3,330,3,At Risk / Hibernating
17616,174,3,571,3,At Risk / Hibernating
17618,6,3,972,0,Recent / New Customers
17619,312,1,219,3,At Risk / Hibernating
17620,60,1,81,3,At Risk / Hibernating
17621,21,3,1380,2,Potential Loyalists
17623,33,1,527,0,Recent / New Customers
17624,15,2,843,0,Recent / New Customers
17625,18,4,2047,2,Potential Loyalists
17628,81,1,76,3,At Risk / Hibernating
17629,6,8,1814,1,VIP / Champions
17630,170,2,504,3,At Risk / Hibernating
17631,2,3,528,0,Recent / New Customers
17633,31,4,1325,2,Potential Loyalists
17634,36,9,2362,2,Potential Loyalists
17636,19,1,286,0,Recent / New Customers
17637,31,2,547,0,Recent / New Customers
17639,276,1,108,3,At Risk / Hibernating
17640,87,1,622,3,At Risk / Hibernating
17642,120,2,712,3,At Risk / Hibernating
17643,373,1,102,3,At Risk / Hibernating
17644,1,11,2896,1,VIP / Champions
17646,219,3,1008,2,Potential Loyalists
17647,65,1,133,3,At Risk / Hibernating
17648,61,4,1798,2,Potential Loyalists
17649,138,1,868,3,At Risk / Hibernating
17650,21,1,166,0,Recent / New Customers
17651,12,10,3945,1,VIP / Champions
17652,25,12,4868,1,VIP / Champions
17653,37,4,1208,2,Potential Loyalists
17654,277,1,118,3,At Risk / Hibernating
17655,11,7,2639,1,VIP / Champions
17656,73,5,1675,2,Potential Loyalists
17658,26,2,595,0,Recent / New Customers
17659,17,12,2999,1,VIP / Champions
17660,141,1,196,3,At Risk / Hibernating
17663,26,7,1803,2,Potential Loyalists
17664,19,2,605,0,Recent / New Customers
17666,4,2,728,0,Recent / New Customers
17667,66,5,2056,2,Potential Loyalists
17668,1,2,348,0,Recent / New Customers
17669,43,7,3407,2,Potential Loyalists
17670,228,1,206,3,At Risk / Hibernating
17671,16,4,1573,2,Potential Loyalists
17672,50,2,3178,2,Potential Loyalists
17673,2,6,1629,1,VIP / Champions
17674,74,2,551,3,At Risk / Hibernating
17675,1,31,20374,1,VIP / Champions
17676,4,6,1388,1,VIP / Champions
17677,2,30,16363,1,VIP / Champions
17678,264,1,298,3,At Risk / Hibernating
17679,53,2,1992,2,Potential Loyalists
17680,24,1,184,0,Recent / New Customers
17682,10,6,2474,1,VIP / Champions
17684,44,1,239,3,At Risk / Hibernating
17685,17,7,3192,1,VIP / Champions
17686,7,7,5739,1,VIP / Champions
17690,30,15,4758,1,VIP / Champions
17691,358,2,290,3,At Risk / Hibernating
17692,127,4,741,2,Potential Loyalists
17693,137,1,200,3,At Risk / Hibernating
17694,142,1,283,3,At Risk / Hibernating
17695,132,2,765,3,At Risk / Hibernating
17696,38,8,2286,2,Potential Loyalists
17697,236,1,339,3,At Risk / Hibernating
17698,261,1,155,3,At Risk / Hibernating
17700,17,4,2535,2,Potential Loyalists
17701,253,1,418,3,At Risk / Hibernating
17702,30,4,1824,2,Potential Loyalists
17703,35,3,799,2,Potential Loyalists
17704,169,2,885,3,At Risk / Hibernating
17705,3,9,1824,1,VIP / Champions
17706,4,17,10504,1,VIP / Champions
17707,185,2,152,3,At Risk / Hibernating
17708,188,2,267,3,At Risk / Hibernating
17709,170,1,137,3,At Risk / Hibernating
17711,11,2,385,0,Recent / New Customers
17712,45,1,523,0,Recent / New Customers
17714,321,1,153,3,At Risk / Hibernating
17715,201,1,326,3,At Risk / Hibernating
17716,23,11,5656,1,VIP / Champions
17718,232,1,139,3,At Risk / Hibernating
17719,38,15,5396,1,VIP / Champions
17720,26,4,1196,2,Potential Loyalists
17722,96,4,2424,2,Potential Loyalists
17723,127,6,3276,2,Potential Loyalists
17724,71,3,1033,2,Potential Loyalists
17725,16,11,3439,1,VIP / Champions
17727,15,1,1060,0,Recent / New Customers
17728,4,3,2876,1,VIP / Champions
17730,3,13,5298,1,VIP / Champions
17731,79,4,1240,2,Potential Loyalists
17732,373,1,304,3,At Risk / Hibernating
17733,39,2,692,0,Recent / New Customers
17734,54,3,701,2,Potential Loyalists
17735,2,19,13110,1,VIP / Champions
17736,9,3,377,0,Recent / New Customers
17737,9,2,168,0,Recent / New Customers
17738,19,4,1879,2,Potential Loyalists
17739,12,7,2791,1,VIP / Champions
17742,113,2,355,3,At Risk / Hibernating
17744,4,6,2322,1,VIP / Champions
17746,240,1,110,3,At Risk / Hibernating
17747,113,1,71,3,At Risk / Hibernating
17749,178,2,675,3,At Risk / Hibernating
17750,5,9,1798,1,VIP / Champions
17752,359,1,81,3,At Risk / Hibernating
17754,1,5,1772,1,VIP / Champions
17757,1,30,5605,1,VIP / Champions
17758,19,8,3457,1,VIP / Champions
17759,17,3,835,0,Recent / New Customers
17760,22,2,288,0,Recent / New Customers
17761,33,1,713,0,Recent / New Customers
17763,263,1,15,3,At Risk / Hibernating
17764,51,2,819,2,Potential Loyalists
17765,159,3,372,3,At Risk / Hibernating
17767,15,1,271,0,Recent / New Customers
17768,8,3,2273,0,Recent / New Customers
17769,13,10,3998,1,VIP / Champions
17770,199,5,1143,2,Potential Loyalists
17771,57,2,246,3,At Risk / Hibernating
17772,11,2,183,0,Recent / New Customers
17774,97,4,1225,2,Potential Loyalists
17775,255,1,56,3,At Risk / Hibernating
17777,25,3,666,0,Recent / New Customers
17779,21,3,659,0,Recent / New Customers
17781,159,2,188,3,At Risk / Hibernating
17783,72,2,283,3,At Risk / Hibernating
17785,53,1,132,3,At Risk / Hibernating
17786,85,2,279,3,At Risk / Hibernating
17787,153,4,1865,2,Potential Loyalists
17788,74,2,1118,2,Potential Loyalists
17789,281,1,226,3,At Risk / Hibernating
17790,27,14,1966,1,VIP / Champions
17791,30,1,106,0,Recent / New Customers
17793,25,1,323,0,Recent / New Customers
17795,180,2,350,3,At Risk / Hibernating
17796,40,4,698,2,Potential Loyalists
17797,22,3,780,0,Recent / New Customers
17799,22,10,3056,1,VIP / Champions
17800,37,9,1199,2,Potential Loyalists
17802,82,3,1285,2,Potential Loyalists
17805,74,1,512,3,At Risk / Hibernating
17806,11,1,546,0,Recent / New Customers
17809,16,12,5412,1,VIP / Champions
17811,4,39,7838,1,VIP / Champions
17812,13,4,732,0,Recent / New Customers
17813,14,5,1771,2,Potential Loyalists
17816,37,4,37,3,At Risk / Hibernating
17817,4,3,388,0,Recent / New Customers
17819,72,7,3705,2,Potential Loyalists
17824,51,1,298,3,At Risk / Hibernating
17827,5,5,1995,1,VIP / Champions
17828,23,4,1820,2,Potential Loyalists
17829,299,1,889,3,At Risk / Hibernating
17830,2,3,399,0,Recent / New Customers
17831,33,1,35,3,At Risk / Hibernating
17832,50,1,155,3,At Risk / Hibernating
17835,3,3,351,0,Recent / New Customers
17836,47,1,110,3,At Risk / Hibernating
17837,42,8,1593,2,Potential Loyalists
17838,27,5,2779,2,Potential Loyalists
17839,42,1,339,3,At Risk / Hibernating
17841,2,124,40992,1,VIP / Champions
17843,303,1,205,3,At Risk / Hibernating
17844,107,1,52,3,At Risk / Hibernating
17846,85,1,2033,2,Potential Loyalists
17848,81,9,901,2,Potential Loyalists
17849,218,4,606,2,Potential Loyalists
17850,372,34,5391,1,VIP / Champions
17852,12,2,114,0,Recent / New Customers
17854,185,2,311,3,At Risk / Hibernating
17855,373,1,209,3,At Risk / Hibernating
17856,2,4,1418,0,Recent / New Customers
17857,4,23,26879,1,VIP / Champions
17858,6,12,5156,1,VIP / Champions
17859,305,1,148,3,At Risk / Hibernating
17860,369,1,253,3,At Risk / Hibernating
17861,3,8,2101,1,VIP / Champions
17862,324,1,331,3,At Risk / Hibernating
17863,59,6,3160,2,Potential Loyalists
17864,13,3,598,0,Recent / New Customers
17865,31,20,10526,1,VIP / Champions
17866,143,1,330,3,At Risk / Hibernating
17867,30,6,1197,2,Potential Loyalists
17869,107,5,428,2,Potential Loyalists
17870,2,12,1894,1,VIP / Champions
17871,205,1,156,3,At Risk / Hibernating
17873,80,5,1859,2,Potential Loyalists
17874,185,6,683,2,Potential Loyalists
17877,170,1,238,3,At Risk / Hibernating
17878,44,1,379,3,At Risk / Hibernating
17879,174,1,179,3,At Risk / Hibernating
17880,365,1,459,3,At Risk / Hibernating
17881,304,1,133,3,At Risk / Hibernating
17883,3,4,672,0,Recent / New Customers
17884,4,4,717,0,Recent / New Customers
17885,12,1,190,0,Recent / New Customers
17886,32,3,900,2,Potential Loyalists
17887,129,1,111,3,At Risk / Hibernating
17888,21,8,726,2,Potential Loyalists
17889,212,2,204,3,At Risk / Hibernating
17890,323,2,602,3,At Risk / Hibernating
17891,162,1,204,3,At Risk / Hibernating
17892,56,3,244,3,At Risk / Hibernating
17893,225,1,112,3,At Risk / Hibernating
17894,72,8,1120,2,Potential Loyalists
17895,44,1,98,3,At Risk / Hibernating
17896,23,1,256,0,Recent / New Customers
17897,173,3,567,3,At Risk / Hibernating
17898,85,2,152,3,At Risk / Hibernating
17899,159,1,156,3,At Risk / Hibernating
17900,190,2,112,3,At Risk / Hibernating
17901,29,1,110,0,Recent / New Customers
17904,21,1,192,0,Recent / New Customers
17905,71,4,800,2,Potential Loyalists
17906,247,1,73,3,At Risk / Hibernating
17908,374,1,243,3,At Risk / Hibernating
17911,9,1,366,0,Recent / New Customers
17912,310,5,311,3,At Risk / Hibernating
17913,59,2,412,3,At Risk / Hibernating
17914,4,1,336,0,Recent / New Customers
17917,45,3,341,0,Recent / New Customers
17919,88,1,1304,2,Potential Loyalists
17920,4,17,4204,1,VIP / Champions
17921,64,4,827,2,Potential Loyalists
17923,282,1,208,3,At Risk / Hibernating
17924,12,7,2962,1,VIP / Champions
17925,373,1,244,3,At Risk / Hibernating
17926,133,2,397,3,At Risk / Hibernating
17928,45,2,213,3,At Risk / Hibernating
17929,11,4,843,0,Recent / New Customers
17930,36,5,1740,2,Potential Loyalists
17931,134,2,408,3,At Risk / Hibernating
17932,29,3,1332,2,Potential Loyalists
17934,52,2,704,2,Potential Loyalists
17935,138,2,146,3,At Risk / Hibernating
17936,5,1,390,0,Recent / New Customers
17937,9,7,4301,1,VIP / Champions
17939,160,1,99,3,At Risk / Hibernating
17940,49,10,4106,1,VIP / Champions
17941,131,1,305,3,At Risk / Hibernating
17942,8,1,78,0,Recent / New Customers
17946,233,2,150,3,At Risk / Hibernating
17947,37,1,177,3,At Risk / Hibernating
17948,147,1,359,3,At Risk / Hibernating
17949,1,45,58510,1,VIP / Champions
17950,72,3,482,2,Potential Loyalists
17951,40,3,1009,2,Potential Loyalists
17954,5,12,2333,1,VIP / Champions
17955,199,4,557,2,Potential Loyalists
17956,249,1,13,3,At Risk / Hibernating
17957,66,1,112,3,At Risk / Hibernating
17958,117,1,508,3,At Risk / Hibernating
17960,171,1,74,3,At Risk / Hibernating
17961,21,39,1296,1,VIP / Champions
17962,142,1,103,3,At Risk / Hibernating
17964,32,2,472,0,Recent / New Customers
17965,38,14,2623,1,VIP / Champions
17966,38,5,1098,2,Potential Loyalists
17967,372,1,123,3,At Risk / Hibernating
17968,374,1,277,3,At Risk / Hibernating
17969,166,2,228,3,At Risk / Hibernating
17970,211,1,583,3,At Risk / Hibernating
17972,242,1,136,3,At Risk / Hibernating
17973,52,1,337,3,At Risk / Hibernating
17974,25,3,741,0,Recent / New Customers
17975,15,13,4489,1,VIP / Champions
17976,372,1,353,3,At Risk / Hibernating
17977,29,1,288,0,Recent / New Customers
17978,365,1,301,3,At Risk / Hibernating
17979,36,4,758,2,Potential Loyalists
17980,166,3,811,2,Potential Loyalists
17984,145,1,153,3,At Risk / Hibernating
17985,22,1,635,0,Recent / New Customers
17986,56,1,21,3,At Risk / Hibernating
17987,185,1,199,3,At Risk / Hibernating
17988,12,7,201,0,Recent / New Customers
17990,237,3,631,3,At Risk / Hibernating
17991,225,2,93,3,At Risk / Hibernating
17994,122,4,678,2,Potential Loyalists
17995,282,1,76,3,At Risk / Hibernating
17997,74,8,1971,2,Potential Loyalists
17999,37,2,382,0,Recent / New Customers
18001,12,2,417,0,Recent / New Customers
18004,362,1,169,3,At Risk / Hibernating
18005,4,2,250,0,Recent / New Customers
18006,23,1,445,0,Recent / New Customers
18008,70,9,2116,2,Potential Loyalists
18009,235,1,257,3,At Risk / Hibernating
18010,257,1,175,3,At Risk / Hibernating
18011,373,1,103,3,At Risk / Hibernating
18013,155,2,187,3,At Risk / Hibernating
18014,28,1,166,0,Recent / New Customers
18015,4,1,120,0,Recent / New Customers
18016,32,5,1484,2,Potential Loyalists
18017,81,3,523,2,Potential Loyalists
18018,108,2,122,3,At Risk / Hibernating
18019,52,1,38,3,At Risk / Hibernating
18022,36,1,668,0,Recent / New Customers
18024,153,2,390,3,At Risk / Hibernating
18027,99,1,115,3,At Risk / Hibernating
18030,4,2,231,0,Recent / New Customers
18032,334,1,74,3,At Risk / Hibernating
18033,65,1,98,3,At Risk / Hibernating
18034,22,2,423,0,Recent / New Customers
18035,36,3,730,2,Potential Loyalists
18036,32,3,406,0,Recent / New Customers
18037,154,6,70,3,At Risk / Hibernating
18040,19,2,357,0,Recent / New Customers
18041,12,21,4183,1,VIP / Champions
18042,54,1,165,3,At Risk / Hibernating
18043,25,3,560,0,Recent / New Customers
18044,4,10,2089,1,VIP / Champions
18045,45,1,189,3,At Risk / Hibernating
18048,203,2,172,3,At Risk / Hibernating
18050,359,1,74,3,At Risk / Hibernating
18053,71,1,300,3,At Risk / Hibernating
18055,7,10,6784,1,VIP / Champions
18056,288,1,364,3,At Risk / Hibernating
18058,10,1,170,0,Recent / New Customers
18059,23,3,306,0,Recent / New Customers
18061,22,10,2119,1,VIP / Champions
18062,173,3,721,2,Potential Loyalists
18064,133,2,814,3,At Risk / Hibernating
18065,6,14,2393,1,VIP / Champions
18066,75,1,318,3,At Risk / Hibernating
18067,40,1,396,0,Recent / New Customers
18068,289,1,102,3,At Risk / Hibernating
18069,26,5,2037,2,Potential Loyalists
18071,258,2,453,3,At Risk / Hibernating
18072,186,1,247,3,At Risk / Hibernating
18073,114,12,3878,2,Potential Loyalists
18074,374,1,490,3,At Risk / Hibernating
18075,23,10,2612,1,VIP / Champions
18077,8,11,2633,1,VIP / Champions
18078,217,2,336,3,At Risk / Hibernating
18079,45,4,3652,2,Potential Loyalists
18080,19,2,1232,0,Recent / New Customers
18081,36,3,343,0,Recent / New Customers
18082,26,1,703,0,Recent / New Customers
18084,16,1,90,0,Recent / New Customers
18085,330,2,690,3,At Risk / Hibernating
18086,274,1,101,3,At Risk / Hibernating
18087,98,2,4056,2,Potential Loyalists
18088,61,1,168,3,At Risk / Hibernating
18092,2,11,9068,1,VIP / Champions
18093,93,4,2107,2,Potential Loyalists
18094,82,7,3017,2,Potential Loyalists
18095,313,2,580,3,At Risk / Hibernating
18096,12,3,911,0,Recent / New Customers
18097,8,6,2698,1,VIP / Champions
18099,127,1,168,3,At Risk / Hibernating
18101,11,2,224,0,Recent / New Customers
18102,1,60,259657,1,VIP / Champions
18104,37,1,755,0,Recent / New Customers
18105,38,1,113,3,At Risk / Hibernating
18106,330,1,431,3,At Risk / Hibernating
18108,254,1,271,3,At Risk / Hibernating
18109,2,26,8053,1,VIP / Champions
18110,20,1,236,0,Recent / New Customers
18112,12,2,353,0,Recent / New Customers
18113,369,1,76,3,At Risk / Hibernating
18114,290,1,220,3,At Risk / Hibernating
18116,68,8,1418,2,Potential Loyalists
18117,26,1,321,0,Recent / New Customers
18118,11,26,5654,1,VIP / Champions
18119,368,1,181,3,At Risk / Hibernating
18120,214,1,111,3,At Risk / Hibernating
18121,149,2,673,3,At Risk / Hibernating
18122,8,6,1826,1,VIP / Champions
18123,24,2,589,0,Recent / New Customers
18125,30,4,1143,2,Potential Loyalists
18126,61,1,207,3,At Risk / Hibernating
18127,19,3,349,0,Recent / New Customers
18129,243,1,113,3,At Risk / Hibernating
18130,15,3,1059,0,Recent / New Customers
18133,212,1,932,3,At Risk / Hibernating
18135,29,5,682,2,Potential Loyalists
18136,63,3,784,2,Potential Loyalists
18138,295,1,153,3,At Risk / Hibernating
18139,18,6,8438,1,VIP / Champions
18142,157,2,1020,2,Potential Loyalists
18143,117,2,1000,2,Potential Loyalists
18144,8,12,2889,1,VIP / Champions
18145,13,4,2862,2,Potential Loyalists
18146,141,2,160,3,At Risk / Hibernating
18147,46,2,179,3,At Risk / Hibernating
18149,51,3,612,2,Potential Loyalists
18150,32,3,567,0,Recent / New Customers
18151,135,2,653,3,At Risk / Hibernating
18154,3,2,399,0,Recent / New Customers
18155,75,3,372,3,At Risk / Hibernating
18156,13,2,735,0,Recent / New Customers
18158,9,2,453,0,Recent / New Customers
18159,301,1,530,3,At Risk / Hibernating
18160,57,2,638,2,Potential Loyalists
18161,15,5,1619,2,Potential Loyalists
18164,37,1,400,0,Recent / New Customers
18165,177,1,302,3,At Risk / Hibernating
18167,23,3,1385,2,Potential Loyalists
18168,176,6,1170,2,Potential Loyalists
18169,61,1,203,3,At Risk / Hibernating
18170,33,3,980,2,Potential Loyalists
18171,59,5,1231,2,Potential Loyalists
18172,15,20,7562,1,VIP / Champions
18173,87,4,2107,2,Potential Loyalists
18174,7,1,104,0,Recent / New Customers
18176,358,1,476,3,At Risk / Hibernating
18177,31,6,1341,2,Potential Loyalists
18178,129,4,1591,2,Potential Loyalists
18179,9,6,1793,1,VIP / Champions
18180,5,6,1844,1,VIP / Champions
18181,24,1,383,0,Recent / New Customers
18183,227,2,632,3,At Risk / Hibernating
18184,15,1,50,0,Recent / New Customers
18185,249,1,304,3,At Risk / Hibernating
18188,15,3,2001,2,Potential Loyalists
18189,78,2,1090,2,Potential Loyalists
18190,192,2,284,3,At Risk / Hibernating
18191,262,1,208,3,At Risk / Hibernating
18192,72,1,958,3,At Risk / Hibernating
18193,165,1,244,3,At Risk / Hibernating
18194,82,1,974,3,At Risk / Hibernating
18196,95,2,689,3,At Risk / Hibernating
18198,4,17,5426,1,VIP / Champions
18200,106,1,164,3,At Risk / Hibernating
18202,200,3,1397,2,Potential Loyalists
18203,157,1,160,3,At Risk / Hibernating
18204,71,3,1994,2,Potential Loyalists
18205,36,2,517,0,Recent / New Customers
18209,29,1,139,0,Recent / New Customers
18210,2,6,2621,1,VIP / Champions
18211,26,5,600,2,Potential Loyalists
18212,326,1,248,3,At Risk / Hibernating
18213,237,1,232,3,At Risk / Hibernating
18215,89,1,299,3,At Risk / Hibernating
18216,31,1,482,0,Recent / New Customers
18217,29,2,622,0,Recent / New Customers
18218,211,2,662,3,At Risk / Hibernating
18219,3,10,2070,1,VIP / Champions
18220,227,1,305,3,At Risk / Hibernating
18221,22,5,1042,2,Potential Loyalists
18222,93,1,443,3,At Risk / Hibernating
18223,5,14,6485,1,VIP / Champions
18224,264,1,159,3,At Risk / Hibernating
18225,3,12,5509,1,VIP / Champions
18226,44,11,5228,1,VIP / Champions
18227,218,1,94,3,At Risk / Hibernating
18228,57,2,780,2,Potential Loyalists
18229,12,20,7277,1,VIP / Champions
18230,9,7,2810,1,VIP / Champions
18231,192,5,2083,2,Potential Loyalists
18232,82,4,593,2,Potential Loyalists
18233,326,1,440,3,At Risk / Hibernating
18235,72,3,1796,2,Potential Loyalists
18236,30,6,882,2,Potential Loyalists
18237,3,5,987,0,Recent / New Customers
18239,219,5,1562,2,Potential Loyalists
18240,46,1,423,3,At Risk / Hibernating
18241,10,17,2073,1,VIP / Champions
18242,72,4,2232,2,Potential Loyalists
18245,7,7,2567,1,VIP / Champions
18246,24,2,596,0,Recent / New Customers
18248,123,2,804,3,At Risk / Hibernating
18249,17,1,95,0,Recent / New Customers
18250,310,1,349,3,At Risk / Hibernating
18251,87,1,4315,2,Potential Loyalists
18252,51,2,527,0,Recent / New Customers
18255,89,1,103,3,At Risk / Hibernating
18257,39,8,2338,2,Potential Loyalists
18259,25,3,2339,2,Potential Loyalists
18260,173,6,2643,2,Potential Loyalists
18261,43,2,324,0,Recent / New Customers
18262,140,1,149,3,At Risk / Hibernating
18263,26,3,1213,2,Potential Loyalists
18265,72,2,802,2,Potential Loyalists
18268,134,1,26,3,At Risk / Hibernating
18269,366,1,169,3,At Risk / Hibernating
18270,38,2,283,0,Recent / New Customers
18272,3,6,3079,1,VIP / Champions
18273,2,3,204,0,Recent / New Customers
18274,30,1,176,0,Recent / New Customers
18276,44,1,336,3,At Risk / Hibernating
18277,58,1,110,3,At Risk / Hibernating
18278,74,1,174,3,At Risk / Hibernating
18280,278,1,181,3,At Risk / Hibernating
18281,181,1,81,3,At Risk / Hibernating
18282,8,2,178,0,Recent / New Customers
18283,4,16,2095,1,VIP / Champions
18287,43,3,1837,2,Potential Loyalists
